pesquisa_id;ano;unidades_federativas_id;unidade_federativa_nome;ambito;cargos_id;cargo;tipo_id;tipo;turno;data_pesquisa;instituto_id;instituto;voto_tipo;cenario_id;cenario_descricao;candidatos_id;candidato_partido;candidato;ano_default;condicao;percentual;data_referencia;margem_mais;margem_menos;contratante;num_registro;orgao_registro;qtd_entrevistas;partidos_id;partido;cidade
9764;2022;6;BRASIL;BR;3;Presidente;2;Estimulada;1;2021-12-16;39;Datafolha;"Votos Totais";24661;"cenário 1 - estimulado - 1º turno";4982;"branco / nulo / nenhum (N/A)";"branco / nulo / nenhum";;1;8.00;13-16.dez.2021;2.00;2.00;"Folha de S.Paulo";;;3666;1;N/A;
9764;2022;6;BRASIL;BR;3;Presidente;2;Estimulada;2;2021-12-16;39;Datafolha;"Votos Totais";24670;"cenário 8 - estimulado - 2º turno";5046;"não sabe (N/A)";"não sabe";;1;1.00;13-16.dez.2021;2.00;2.00;"Folha de S.Paulo";;;3666;1;N/A;
9764;2022;6;BRASIL;BR;3;Presidente;2;Estimulada;2;2021-12-16;39;Datafolha;"Votos Totais";24670;"cenário 8 - estimulado - 2º turno";4982;"branco / nulo / nenhum (N/A)";"branco / nulo / nenhum";;1;19.00;13-16.dez.2021;2.00;2.00;"Folha de S.Paulo";;;3666;1;N/A;
9764;2022;6;BRASIL;BR;3;Presidente;2;Estimulada;2;2021-12-16;39;Datafolha;"Votos Totais";24670;"cenário 8 - estimulado - 2º turno";855;"João Doria (PSDB)";"João Doria";2018-Governador;0;34.00;13-16.dez.2021;2.00;2.00;"Folha de S.Paulo";;;3666;33;PSDB;
9764;2022;6;BRASIL;BR;3;Presidente;2;Estimulada;2;2021-12-16;39;Datafolha;"Votos Totais";24670;"cenário 8 - estimulado - 2º turno";706;"Bolsonaro (PL)";Bolsonaro;2018-Presidente;0;46.00;13-16.dez.2021;2.00;2.00;"Folha de S.Paulo";;;3666;15;PL;
9764;2022;6;BRASIL;BR;3;Presidente;2;Estimulada;2;2021-12-16;39;Datafolha;"Votos Totais";24668;"cenário 6 - estimulado - 2º turno";289;"Ciro (PDT)";Ciro;;0;32.00;13-16.dez.2021;2.00;2.00;"Folha de S.Paulo";;;3666;10;PDT;
9764;2022;6;BRASIL;BR;3;Presidente;2;Estimulada;2;2021-12-16;39;Datafolha;"Votos Totais";24668;"cenário 6 - estimulado - 2º turno";706;"Bolsonaro (PL)";Bolsonaro;2018-Presidente;0;53.00;13-16.dez.2021;2.00;2.00;"Folha de S.Paulo";;;3666;15;PL;
9764;2022;6;BRASIL;BR;3;Presidente;2;Estimulada;2;2021-12-16;39;Datafolha;"Votos Totais";24668;"cenário 6 - estimulado - 2º turno";5046;"não sabe (N/A)";"não sabe";;1;1.00;13-16.dez.2021;2.00;2.00;"Folha de S.Paulo";;;3666;1;N/A;
9764;2022;6;BRASIL;BR;3;Presidente;2;Estimulada;2;2021-12-16;39;Datafolha;"Votos Totais";24668;"cenário 6 - estimulado - 2º turno";4982;"branco / nulo / nenhum (N/A)";"branco / nulo / nenhum";;1;14.00;13-16.dez.2021;2.00;2.00;"Folha de S.Paulo";;;3666;1;N/A;
9764;2022;6;BRASIL;BR;3;Presidente;2;Estimulada;2;2021-12-16;39;Datafolha;"Votos Totais";24667;"cenário 5 - estimulado - 2º turno";706;"Bolsonaro (PL)";Bolsonaro;2018-Presidente;0;48.00;13-16.dez.2021;2.00;2.00;"Folha de S.Paulo";;;3666;15;PL;
9764;2022;6;BRASIL;BR;3;Presidente;2;Estimulada;2;2021-12-16;39;Datafolha;"Votos Totais";24667;"cenário 5 - estimulado - 2º turno";4982;"branco / nulo / nenhum (N/A)";"branco / nulo / nenhum";;1;21.00;13-16.dez.2021;2.00;2.00;"Folha de S.Paulo";;;3666;1;N/A;
9764;2022;6;BRASIL;BR;3;Presidente;2;Estimulada;2;2021-12-16;39;Datafolha;"Votos Totais";24667;"cenário 5 - estimulado - 2º turno";5046;"não sabe (N/A)";"não sabe";;1;1.00;13-16.dez.2021;2.00;2.00;"Folha de S.Paulo";;;3666;1;N/A;
9764;2022;6;BRASIL;BR;3;Presidente;2;Estimulada;2;2021-12-16;39;Datafolha;"Votos Totais";24667;"cenário 5 - estimulado - 2º turno";1583;"Sergio Moro (Podemos)";"Sergio Moro";;0;30.00;13-16.dez.2021;2.00;2.00;"Folha de S.Paulo";;;3666;19;Podemos;
9764;2022;6;BRASIL;BR;3;Presidente;2;Estimulada;2;2021-12-16;39;Datafolha;"Votos Totais";24666;"cenário 4 - estimulado - 2º turno";973;"Lula (PT)";Lula;;0;56.00;13-16.dez.2021;2.00;2.00;"Folha de S.Paulo";;;3666;39;PT;
9764;2022;6;BRASIL;BR;3;Presidente;2;Estimulada;2;2021-12-16;39;Datafolha;"Votos Totais";24666;"cenário 4 - estimulado - 2º turno";289;"Ciro (PDT)";Ciro;;0;26.00;13-16.dez.2021;2.00;2.00;"Folha de S.Paulo";;;3666;10;PDT;
9764;2022;6;BRASIL;BR;3;Presidente;2;Estimulada;2;2021-12-16;39;Datafolha;"Votos Totais";24666;"cenário 4 - estimulado - 2º turno";5046;"não sabe (N/A)";"não sabe";;1;1.00;13-16.dez.2021;2.00;2.00;"Folha de S.Paulo";;;3666;1;N/A;
9764;2022;6;BRASIL;BR;3;Presidente;2;Estimulada;2;2021-12-16;39;Datafolha;"Votos Totais";24666;"cenário 4 - estimulado - 2º turno";4982;"branco / nulo / nenhum (N/A)";"branco / nulo / nenhum";;1;16.00;13-16.dez.2021;2.00;2.00;"Folha de S.Paulo";;;3666;1;N/A;
9764;2022;6;BRASIL;BR;3;Presidente;2;Estimulada;2;2021-12-16;39;Datafolha;"Votos Totais";24665;"cenário 3 - estimulado - 2º turno";5046;"não sabe (N/A)";"não sabe";;1;1.00;13-16.dez.2021;2.00;2.00;"Folha de S.Paulo";;;3666;1;N/A;
9764;2022;6;BRASIL;BR;3;Presidente;2;Estimulada;2;2021-12-16;39;Datafolha;"Votos Totais";24665;"cenário 3 - estimulado - 2º turno";973;"Lula (PT)";Lula;;0;60.00;13-16.dez.2021;2.00;2.00;"Folha de S.Paulo";;;3666;39;PT;
9764;2022;6;BRASIL;BR;3;Presidente;2;Estimulada;2;2021-12-16;39;Datafolha;"Votos Totais";24665;"cenário 3 - estimulado - 2º turno";855;"João Doria (PSDB)";"João Doria";2018-Governador;0;20.00;13-16.dez.2021;2.00;2.00;"Folha de S.Paulo";;;3666;33;PSDB;
9764;2022;6;BRASIL;BR;3;Presidente;2;Estimulada;2;2021-12-16;39;Datafolha;"Votos Totais";24665;"cenário 3 - estimulado - 2º turno";4982;"branco / nulo / nenhum (N/A)";"branco / nulo / nenhum";;1;19.00;13-16.dez.2021;2.00;2.00;"Folha de S.Paulo";;;3666;1;N/A;
9764;2022;6;BRASIL;BR;3;Presidente;2;Estimulada;2;2021-12-16;39;Datafolha;"Votos Totais";24664;"cenário 2 - estimulado - 2º turno";4982;"branco / nulo / nenhum (N/A)";"branco / nulo / nenhum";;1;12.00;13-16.dez.2021;2.00;2.00;"Folha de S.Paulo";;;3666;1;N/A;
9764;2022;6;BRASIL;BR;3;Presidente;2;Estimulada;2;2021-12-16;39;Datafolha;"Votos Totais";24664;"cenário 2 - estimulado - 2º turno";1583;"Sergio Moro (Podemos)";"Sergio Moro";;0;31.00;13-16.dez.2021;2.00;2.00;"Folha de S.Paulo";;;3666;19;Podemos;
9764;2022;6;BRASIL;BR;3;Presidente;2;Estimulada;2;2021-12-16;39;Datafolha;"Votos Totais";24664;"cenário 2 - estimulado - 2º turno";973;"Lula (PT)";Lula;;0;57.00;13-16.dez.2021;2.00;2.00;"Folha de S.Paulo";;;3666;39;PT;
9764;2022;6;BRASIL;BR;3;Presidente;2;Estimulada;2;2021-12-16;39;Datafolha;"Votos Totais";24664;"cenário 2 - estimulado - 2º turno";5046;"não sabe (N/A)";"não sabe";;1;1.00;13-16.dez.2021;2.00;2.00;"Folha de S.Paulo";;;3666;1;N/A;
9764;2022;6;BRASIL;BR;3;Presidente;2;Estimulada;2;2021-12-16;39;Datafolha;"Votos Totais";24663;"cenário 1 - estimulado - 2º turno";4982;"branco / nulo / nenhum (N/A)";"branco / nulo / nenhum";;1;10.00;13-16.dez.2021;2.00;2.00;"Folha de S.Paulo";;;3666;1;N/A;
9764;2022;6;BRASIL;BR;3;Presidente;2;Estimulada;2;2021-12-16;39;Datafolha;"Votos Totais";24663;"cenário 1 - estimulado - 2º turno";706;"Bolsonaro (PL)";Bolsonaro;2018-Presidente;0;30.00;13-16.dez.2021;2.00;2.00;"Folha de S.Paulo";;;3666;15;PL;
9764;2022;6;BRASIL;BR;3;Presidente;2;Estimulada;2;2021-12-16;39;Datafolha;"Votos Totais";24663;"cenário 1 - estimulado - 2º turno";973;"Lula (PT)";Lula;;0;59.00;13-16.dez.2021;2.00;2.00;"Folha de S.Paulo";;;3666;39;PT;
9764;2022;6;BRASIL;BR;3;Presidente;2;Estimulada;2;2021-12-16;39;Datafolha;"Votos Totais";24663;"cenário 1 - estimulado - 2º turno";5046;"não sabe (N/A)";"não sabe";;1;1.00;13-16.dez.2021;2.00;2.00;"Folha de S.Paulo";;;3666;1;N/A;
9764;2022;6;BRASIL;BR;3;Presidente;2;Estimulada;1;2021-12-16;39;Datafolha;"Votos Totais";24662;"cenário 2 - estimulado - 1º turno";706;"Bolsonaro (PL)";Bolsonaro;2018-Presidente;0;21.00;13-16.dez.2021;2.00;2.00;"Folha de S.Paulo";;;3666;15;PL;
9764;2022;6;BRASIL;BR;3;Presidente;2;Estimulada;1;2021-12-16;39;Datafolha;"Votos Totais";24662;"cenário 2 - estimulado - 1º turno";1563;"Simone Tebet (MDB)";"Simone Tebet";;0;1.00;13-16.dez.2021;2.00;2.00;"Folha de S.Paulo";;;3666;3;MDB;
9764;2022;6;BRASIL;BR;3;Presidente;2;Estimulada;1;2021-12-16;39;Datafolha;"Votos Totais";24662;"cenário 2 - estimulado - 1º turno";4998;"Delegado Alessandro Vieira (Cidadania)";"Delegado Alessandro Vieira";;0;0.00;13-16.dez.2021;2.00;2.00;"Folha de S.Paulo";;;3666;60;Cidadania;
9764;2022;6;BRASIL;BR;3;Presidente;2;Estimulada;1;2021-12-16;39;Datafolha;"Votos Totais";24662;"cenário 2 - estimulado - 1º turno";959;"Luiz Felipe d'Avila (Novo)";"Luiz Felipe d'Avila";;0;0.00;13-16.dez.2021;2.00;2.00;"Folha de S.Paulo";;;3666;5;Novo;
9764;2022;6;BRASIL;BR;3;Presidente;2;Estimulada;1;2021-12-16;39;Datafolha;"Votos Totais";24662;"cenário 2 - estimulado - 1º turno";4982;"branco / nulo / nenhum (N/A)";"branco / nulo / nenhum";;1;8.00;13-16.dez.2021;2.00;2.00;"Folha de S.Paulo";;;3666;1;N/A;
9764;2022;6;BRASIL;BR;3;Presidente;2;Estimulada;1;2021-12-16;39;Datafolha;"Votos Totais";24662;"cenário 2 - estimulado - 1º turno";5046;"não sabe (N/A)";"não sabe";;1;2.00;13-16.dez.2021;2.00;2.00;"Folha de S.Paulo";;;3666;1;N/A;
9764;2022;6;BRASIL;BR;3;Presidente;2;Estimulada;1;2021-12-16;39;Datafolha;"Votos Totais";24662;"cenário 2 - estimulado - 1º turno";289;"Ciro (PDT)";Ciro;;0;7.00;13-16.dez.2021;2.00;2.00;"Folha de S.Paulo";;;3666;10;PDT;
9764;2022;6;BRASIL;BR;3;Presidente;2;Estimulada;1;2021-12-16;39;Datafolha;"Votos Totais";24662;"cenário 2 - estimulado - 1º turno";1457;"Rodrigo Pacheco (PSD)";"Rodrigo Pacheco";2018-Senador;0;1.00;13-16.dez.2021;2.00;2.00;"Folha de S.Paulo";;;3666;32;PSD;
9764;2022;6;BRASIL;BR;3;Presidente;2;Estimulada;1;2021-12-16;39;Datafolha;"Votos Totais";24662;"cenário 2 - estimulado - 1º turno";973;"Lula (PT)";Lula;;0;47.00;13-16.dez.2021;2.00;2.00;"Folha de S.Paulo";;;3666;39;PT;
9764;2022;6;BRASIL;BR;3;Presidente;2;Estimulada;1;2021-12-16;39;Datafolha;"Votos Totais";24662;"cenário 2 - estimulado - 1º turno";1583;"Sergio Moro (Podemos)";"Sergio Moro";;0;9.00;13-16.dez.2021;2.00;2.00;"Folha de S.Paulo";;;3666;19;Podemos;
9764;2022;6;BRASIL;BR;3;Presidente;2;Estimulada;1;2021-12-16;39;Datafolha;"Votos Totais";24662;"cenário 2 - estimulado - 1º turno";1830;"Aldo Rebelo (sem partido)";"Aldo Rebelo";;0;0.00;13-16.dez.2021;2.00;2.00;"Folha de S.Paulo";;;3666;47;"sem partido";
9764;2022;6;BRASIL;BR;3;Presidente;2;Estimulada;1;2021-12-16;39;Datafolha;"Votos Totais";24662;"cenário 2 - estimulado - 1º turno";855;"João Doria (PSDB)";"João Doria";2018-Governador;0;3.00;13-16.dez.2021;2.00;2.00;"Folha de S.Paulo";;;3666;33;PSDB;
9764;2022;6;BRASIL;BR;3;Presidente;2;Estimulada;1;2021-12-16;39;Datafolha;"Votos Totais";24661;"cenário 1 - estimulado - 1º turno";5046;"não sabe (N/A)";"não sabe";;1;2.00;13-16.dez.2021;2.00;2.00;"Folha de S.Paulo";;;3666;1;N/A;
9764;2022;6;BRASIL;BR;3;Presidente;2;Estimulada;1;2021-12-16;39;Datafolha;"Votos Totais";24661;"cenário 1 - estimulado - 1º turno";855;"João Doria (PSDB)";"João Doria";2018-Governador;0;4.00;13-16.dez.2021;2.00;2.00;"Folha de S.Paulo";;;3666;33;PSDB;
9764;2022;6;BRASIL;BR;3;Presidente;2;Estimulada;1;2021-12-16;39;Datafolha;"Votos Totais";24661;"cenário 1 - estimulado - 1º turno";289;"Ciro (PDT)";Ciro;;0;7.00;13-16.dez.2021;2.00;2.00;"Folha de S.Paulo";;;3666;10;PDT;
9764;2022;6;BRASIL;BR;3;Presidente;2;Estimulada;1;2021-12-16;39;Datafolha;"Votos Totais";24661;"cenário 1 - estimulado - 1º turno";1583;"Sergio Moro (Podemos)";"Sergio Moro";;0;9.00;13-16.dez.2021;2.00;2.00;"Folha de S.Paulo";;;3666;19;Podemos;
9764;2022;6;BRASIL;BR;3;Presidente;2;Estimulada;1;2021-12-16;39;Datafolha;"Votos Totais";24661;"cenário 1 - estimulado - 1º turno";706;"Bolsonaro (PL)";Bolsonaro;2018-Presidente;0;22.00;13-16.dez.2021;2.00;2.00;"Folha de S.Paulo";;;3666;15;PL;
9764;2022;6;BRASIL;BR;3;Presidente;2;Estimulada;1;2021-12-16;39;Datafolha;"Votos Totais";24661;"cenário 1 - estimulado - 1º turno";973;"Lula (PT)";Lula;;0;48.00;13-16.dez.2021;2.00;2.00;"Folha de S.Paulo";;;3666;39;PT;
9760;2022;6;BRASIL;BR;3;Presidente;2;Estimulada;1;2021-12-13;64;Futura;"Votos Totais";24647;"cenário 1 - estimulado - 1º turno";626;"Guilherme Boulos (Psol)";"Guilherme Boulos";2020-Prefeito;0;0.90;7-13.dez.2021;2.20;2.20;Modalmais;;;2000;36;Psol;
9760;2022;6;BRASIL;BR;3;Presidente;2;Estimulada;1;2021-12-13;64;Futura;"Votos Totais";24647;"cenário 1 - estimulado - 1º turno";1175;"nenhum / não sabe / não respondeu (N/A)";"nenhum / não sabe / não respondeu";;1;3.70;7-13.dez.2021;2.20;2.20;Modalmais;;;2000;1;N/A;
9760;2022;6;BRASIL;BR;3;Presidente;2;Estimulada;1;2021-12-13;64;Futura;"Votos Totais";24647;"cenário 1 - estimulado - 1º turno";973;"Lula (PT)";Lula;;0;37.90;7-13.dez.2021;2.20;2.20;Modalmais;;;2000;39;PT;
9760;2022;6;BRASIL;BR;3;Presidente;2;Estimulada;1;2021-12-13;64;Futura;"Votos Totais";24647;"cenário 1 - estimulado - 1º turno";209;"branco / nulo (N/A)";"branco / nulo";;1;4.80;7-13.dez.2021;2.20;2.20;Modalmais;;;2000;1;N/A;
9760;2022;6;BRASIL;BR;3;Presidente;2;Estimulada;1;2021-12-13;64;Futura;"Votos Totais";24647;"cenário 1 - estimulado - 1º turno";706;"Bolsonaro (PL)";Bolsonaro;2018-Presidente;0;30.60;7-13.dez.2021;2.20;2.20;Modalmais;;;2000;15;PL;
9760;2022;6;BRASIL;BR;3;Presidente;2;Estimulada;1;2021-12-13;64;Futura;"Votos Totais";24647;"cenário 1 - estimulado - 1º turno";1583;"Sergio Moro (Podemos)";"Sergio Moro";;0;9.80;7-13.dez.2021;2.20;2.20;Modalmais;;;2000;19;Podemos;
9760;2022;6;BRASIL;BR;3;Presidente;2;Estimulada;1;2021-12-13;64;Futura;"Votos Totais";24647;"cenário 1 - estimulado - 1º turno";289;"Ciro (PDT)";Ciro;;0;6.40;7-13.dez.2021;2.20;2.20;Modalmais;;;2000;10;PDT;
9760;2022;6;BRASIL;BR;3;Presidente;2;Estimulada;1;2021-12-13;64;Futura;"Votos Totais";24647;"cenário 1 - estimulado - 1º turno";855;"João Doria (PSDB)";"João Doria";2018-Governador;0;3.30;7-13.dez.2021;2.20;2.20;Modalmais;;;2000;33;PSDB;
9760;2022;6;BRASIL;BR;3;Presidente;2;Estimulada;1;2021-12-13;64;Futura;"Votos Totais";24647;"cenário 1 - estimulado - 1º turno";4958;"Cabo Daciolo (Avante)";"Cabo Daciolo";;0;1.30;7-13.dez.2021;2.20;2.20;Modalmais;;;2000;51;Avante;
9760;2022;6;BRASIL;BR;3;Presidente;2;Estimulada;1;2021-12-13;64;Futura;"Votos Totais";24647;"cenário 1 - estimulado - 1º turno";1563;"Simone Tebet (MDB)";"Simone Tebet";;0;0.70;7-13.dez.2021;2.20;2.20;Modalmais;;;2000;3;MDB;
9760;2022;6;BRASIL;BR;3;Presidente;2;Estimulada;1;2021-12-13;64;Futura;"Votos Totais";24647;"cenário 1 - estimulado - 1º turno";1457;"Rodrigo Pacheco (PSD)";"Rodrigo Pacheco";2018-Senador;0;0.60;7-13.dez.2021;2.20;2.20;Modalmais;;;2000;32;PSD;
9760;2022;6;BRASIL;BR;3;Presidente;2;Estimulada;1;2021-12-13;64;Futura;"Votos Totais";24648;"cenário 2 - estimulado - 1º turno";289;"Ciro (PDT)";Ciro;;0;10.90;7-13.dez.2021;2.20;2.20;Modalmais;;;2000;10;PDT;
9760;2022;6;BRASIL;BR;3;Presidente;2;Estimulada;1;2021-12-13;64;Futura;"Votos Totais";24648;"cenário 2 - estimulado - 1º turno";973;"Lula (PT)";Lula;;0;39.40;7-13.dez.2021;2.20;2.20;Modalmais;;;2000;39;PT;
9760;2022;6;BRASIL;BR;3;Presidente;2;Estimulada;1;2021-12-13;64;Futura;"Votos Totais";24648;"cenário 2 - estimulado - 1º turno";706;"Bolsonaro (PL)";Bolsonaro;2018-Presidente;0;33.20;7-13.dez.2021;2.20;2.20;Modalmais;;;2000;15;PL;
9760;2022;6;BRASIL;BR;3;Presidente;2;Estimulada;1;2021-12-13;64;Futura;"Votos Totais";24648;"cenário 2 - estimulado - 1º turno";855;"João Doria (PSDB)";"João Doria";2018-Governador;0;5.70;7-13.dez.2021;2.20;2.20;Modalmais;;;2000;33;PSDB;
9760;2022;6;BRASIL;BR;3;Presidente;2;Estimulada;1;2021-12-13;64;Futura;"Votos Totais";24648;"cenário 2 - estimulado - 1º turno";1210;"não sabe / não respondeu (N/A)";"não sabe / não respondeu";;1;3.20;7-13.dez.2021;2.20;2.20;Modalmais;;;2000;1;N/A;
9760;2022;6;BRASIL;BR;3;Presidente;2;Estimulada;1;2021-12-13;64;Futura;"Votos Totais";24648;"cenário 2 - estimulado - 1º turno";209;"branco / nulo (N/A)";"branco / nulo";;1;7.70;7-13.dez.2021;2.20;2.20;Modalmais;;;2000;1;N/A;
9760;2022;6;BRASIL;BR;3;Presidente;2;Estimulada;1;2021-12-13;64;Futura;"Votos Totais";24649;"cenário 3 - estimulado - 1º turno";289;"Ciro (PDT)";Ciro;;0;8.00;7-13.dez.2021;2.20;2.20;Modalmais;;;2000;10;PDT;
9760;2022;6;BRASIL;BR;3;Presidente;2;Estimulada;1;2021-12-13;64;Futura;"Votos Totais";24649;"cenário 3 - estimulado - 1º turno";1175;"nenhum / não sabe / não respondeu (N/A)";"nenhum / não sabe / não respondeu";;1;2.40;7-13.dez.2021;2.20;2.20;Modalmais;;;2000;1;N/A;
9760;2022;6;BRASIL;BR;3;Presidente;2;Estimulada;1;2021-12-13;64;Futura;"Votos Totais";24649;"cenário 3 - estimulado - 1º turno";209;"branco / nulo (N/A)";"branco / nulo";;1;4.60;7-13.dez.2021;2.20;2.20;Modalmais;;;2000;1;N/A;
9760;2022;6;BRASIL;BR;3;Presidente;2;Estimulada;1;2021-12-13;64;Futura;"Votos Totais";24649;"cenário 3 - estimulado - 1º turno";973;"Lula (PT)";Lula;;0;42.40;7-13.dez.2021;2.20;2.20;Modalmais;;;2000;39;PT;
9760;2022;6;BRASIL;BR;3;Presidente;2;Estimulada;1;2021-12-13;64;Futura;"Votos Totais";24649;"cenário 3 - estimulado - 1º turno";706;"Bolsonaro (PL)";Bolsonaro;2018-Presidente;0;31.30;7-13.dez.2021;2.20;2.20;Modalmais;;;2000;15;PL;
9760;2022;6;BRASIL;BR;3;Presidente;2;Estimulada;1;2021-12-13;64;Futura;"Votos Totais";24649;"cenário 3 - estimulado - 1º turno";1583;"Sergio Moro (Podemos)";"Sergio Moro";;0;11.40;7-13.dez.2021;2.20;2.20;Modalmais;;;2000;19;Podemos;
9760;2022;6;BRASIL;BR;3;Presidente;2;Estimulada;1;2021-12-13;64;Futura;"Votos Totais";24650;"cenário 4 - estimulado - 1º turno";855;"João Doria (PSDB)";"João Doria";2018-Governador;0;4.00;7-13.dez.2021;2.20;2.20;Modalmais;;;2000;33;PSDB;
9760;2022;6;BRASIL;BR;3;Presidente;2;Estimulada;1;2021-12-13;64;Futura;"Votos Totais";24650;"cenário 4 - estimulado - 1º turno";678;"indeciso / não sabe / não respondeu (N/A)";"indeciso / não sabe / não respondeu";;1;2.40;7-13.dez.2021;2.20;2.20;Modalmais;;;2000;1;N/A;
9760;2022;6;BRASIL;BR;3;Presidente;2;Estimulada;1;2021-12-13;64;Futura;"Votos Totais";24650;"cenário 4 - estimulado - 1º turno";209;"branco / nulo (N/A)";"branco / nulo";;1;5.50;7-13.dez.2021;2.20;2.20;Modalmais;;;2000;1;N/A;
9760;2022;6;BRASIL;BR;3;Presidente;2;Estimulada;1;2021-12-13;64;Futura;"Votos Totais";24650;"cenário 4 - estimulado - 1º turno";1583;"Sergio Moro (Podemos)";"Sergio Moro";;0;12.30;7-13.dez.2021;2.20;2.20;Modalmais;;;2000;19;Podemos;
9760;2022;6;BRASIL;BR;3;Presidente;2;Estimulada;1;2021-12-13;64;Futura;"Votos Totais";24650;"cenário 4 - estimulado - 1º turno";706;"Bolsonaro (PL)";Bolsonaro;2018-Presidente;0;32.00;7-13.dez.2021;2.20;2.20;Modalmais;;;2000;15;PL;
9760;2022;6;BRASIL;BR;3;Presidente;2;Estimulada;1;2021-12-13;64;Futura;"Votos Totais";24650;"cenário 4 - estimulado - 1º turno";973;"Lula (PT)";Lula;;0;43.80;7-13.dez.2021;2.20;2.20;Modalmais;;;2000;39;PT;
9760;2022;6;BRASIL;BR;3;Presidente;2;Estimulada;2;2021-12-13;64;Futura;"Votos Totais";24651;"cenário 1 - estimulado - 2º turno";678;"indeciso / não sabe / não respondeu (N/A)";"indeciso / não sabe / não respondeu";;1;1.90;7-13.dez.2021;2.20;2.20;Modalmais;;;2000;1;N/A;
9760;2022;6;BRASIL;BR;3;Presidente;2;Estimulada;2;2021-12-13;64;Futura;"Votos Totais";24651;"cenário 1 - estimulado - 2º turno";209;"branco / nulo (N/A)";"branco / nulo";;1;10.30;7-13.dez.2021;2.20;2.20;Modalmais;;;2000;1;N/A;
9760;2022;6;BRASIL;BR;3;Presidente;2;Estimulada;2;2021-12-13;64;Futura;"Votos Totais";24651;"cenário 1 - estimulado - 2º turno";706;"Bolsonaro (PL)";Bolsonaro;2018-Presidente;0;37.00;7-13.dez.2021;2.20;2.20;Modalmais;;;2000;15;PL;
9760;2022;6;BRASIL;BR;3;Presidente;2;Estimulada;2;2021-12-13;64;Futura;"Votos Totais";24651;"cenário 1 - estimulado - 2º turno";973;"Lula (PT)";Lula;;0;50.80;7-13.dez.2021;2.20;2.20;Modalmais;;;2000;39;PT;
9760;2022;6;BRASIL;BR;3;Presidente;2;Estimulada;2;2021-12-13;64;Futura;"Votos Totais";24652;"cenário 2 - estimulado - 2º turno";706;"Bolsonaro (PL)";Bolsonaro;2018-Presidente;0;39.60;7-13.dez.2021;2.20;2.20;Modalmais;;;2000;15;PL;
9760;2022;6;BRASIL;BR;3;Presidente;2;Estimulada;2;2021-12-13;64;Futura;"Votos Totais";24652;"cenário 2 - estimulado - 2º turno";209;"branco / nulo (N/A)";"branco / nulo";;1;17.10;7-13.dez.2021;2.20;2.20;Modalmais;;;2000;1;N/A;
9760;2022;6;BRASIL;BR;3;Presidente;2;Estimulada;2;2021-12-13;64;Futura;"Votos Totais";24652;"cenário 2 - estimulado - 2º turno";678;"indeciso / não sabe / não respondeu (N/A)";"indeciso / não sabe / não respondeu";;1;1.60;7-13.dez.2021;2.20;2.20;Modalmais;;;2000;1;N/A;
9760;2022;6;BRASIL;BR;3;Presidente;2;Estimulada;2;2021-12-13;64;Futura;"Votos Totais";24652;"cenário 2 - estimulado - 2º turno";289;"Ciro (PDT)";Ciro;;0;41.80;7-13.dez.2021;2.20;2.20;Modalmais;;;2000;10;PDT;
9760;2022;6;BRASIL;BR;3;Presidente;2;Estimulada;2;2021-12-13;64;Futura;"Votos Totais";24653;"cenário 3 - estimulado - 2º turno";973;"Lula (PT)";Lula;;0;48.90;7-13.dez.2021;2.20;2.20;Modalmais;;;2000;39;PT;
9760;2022;6;BRASIL;BR;3;Presidente;2;Estimulada;2;2021-12-13;64;Futura;"Votos Totais";24653;"cenário 3 - estimulado - 2º turno";209;"branco / nulo (N/A)";"branco / nulo";;1;19.50;7-13.dez.2021;2.20;2.20;Modalmais;;;2000;1;N/A;
9760;2022;6;BRASIL;BR;3;Presidente;2;Estimulada;2;2021-12-13;64;Futura;"Votos Totais";24653;"cenário 3 - estimulado - 2º turno";678;"indeciso / não sabe / não respondeu (N/A)";"indeciso / não sabe / não respondeu";;1;1.10;7-13.dez.2021;2.20;2.20;Modalmais;;;2000;1;N/A;
9760;2022;6;BRASIL;BR;3;Presidente;2;Estimulada;2;2021-12-13;64;Futura;"Votos Totais";24653;"cenário 3 - estimulado - 2º turno";1583;"Sergio Moro (Podemos)";"Sergio Moro";;0;30.50;7-13.dez.2021;2.20;2.20;Modalmais;;;2000;19;Podemos;
9758;2022;6;BRASIL;BR;3;Presidente;2;Estimulada;2;2021-12-09;332;"Ideia Big Data";"Votos Totais";24641;"cenário 2 - estimulado - 2º turno";855;"João Doria (PSDB)";"João Doria";2018-Governador;0;24.00;6-9.dez.2021;3.00;3.00;Exame;;;1200;33;PSDB;
9758;2022;6;BRASIL;BR;3;Presidente;2;Estimulada;2;2021-12-09;332;"Ideia Big Data";"Votos Totais";24641;"cenário 2 - estimulado - 2º turno";5046;"não sabe (N/A)";"não sabe";;1;6.00;6-9.dez.2021;3.00;3.00;Exame;;;1200;1;N/A;
9758;2022;6;BRASIL;BR;3;Presidente;2;Estimulada;2;2021-12-09;332;"Ideia Big Data";"Votos Totais";24642;"cenário 3 - estimulado - 2º turno";1583;"Sergio Moro (Podemos)";"Sergio Moro";;0;33.00;6-9.dez.2021;3.00;3.00;Exame;;;1200;19;Podemos;
9758;2022;6;BRASIL;BR;3;Presidente;2;Estimulada;2;2021-12-09;332;"Ideia Big Data";"Votos Totais";24642;"cenário 3 - estimulado - 2º turno";5046;"não sabe (N/A)";"não sabe";;1;4.00;6-9.dez.2021;3.00;3.00;Exame;;;1200;1;N/A;
9758;2022;6;BRASIL;BR;3;Presidente;2;Estimulada;2;2021-12-09;332;"Ideia Big Data";"Votos Totais";24642;"cenário 3 - estimulado - 2º turno";973;"Lula (PT)";Lula;;0;44.00;6-9.dez.2021;3.00;3.00;Exame;;;1200;39;PT;
9758;2022;6;BRASIL;BR;3;Presidente;2;Estimulada;2;2021-12-09;332;"Ideia Big Data";"Votos Totais";24642;"cenário 3 - estimulado - 2º turno";209;"branco / nulo (N/A)";"branco / nulo";;1;19.00;6-9.dez.2021;3.00;3.00;Exame;;;1200;1;N/A;
9758;2022;6;BRASIL;BR;3;Presidente;2;Estimulada;2;2021-12-09;332;"Ideia Big Data";"Votos Totais";24643;"cenário 4 - estimulado - 2º turno";289;"Ciro (PDT)";Ciro;;0;38.00;6-9.dez.2021;3.00;3.00;Exame;;;1200;10;PDT;
9758;2022;6;BRASIL;BR;3;Presidente;2;Estimulada;2;2021-12-09;332;"Ideia Big Data";"Votos Totais";24643;"cenário 4 - estimulado - 2º turno";706;"Bolsonaro (PL)";Bolsonaro;2018-Presidente;0;37.00;6-9.dez.2021;3.00;3.00;Exame;;;1200;15;PL;
9758;2022;6;BRASIL;BR;3;Presidente;2;Estimulada;2;2021-12-09;332;"Ideia Big Data";"Votos Totais";24643;"cenário 4 - estimulado - 2º turno";209;"branco / nulo (N/A)";"branco / nulo";;1;19.00;6-9.dez.2021;3.00;3.00;Exame;;;1200;1;N/A;
9758;2022;6;BRASIL;BR;3;Presidente;2;Estimulada;2;2021-12-09;332;"Ideia Big Data";"Votos Totais";24643;"cenário 4 - estimulado - 2º turno";5046;"não sabe (N/A)";"não sabe";;1;6.00;6-9.dez.2021;3.00;3.00;Exame;;;1200;1;N/A;
9758;2022;6;BRASIL;BR;3;Presidente;2;Estimulada;2;2021-12-09;332;"Ideia Big Data";"Votos Totais";24644;"cenário 5 - estimulado - 2º turno";973;"Lula (PT)";Lula;;0;42.00;6-9.dez.2021;3.00;3.00;Exame;;;1200;39;PT;
9758;2022;6;BRASIL;BR;3;Presidente;2;Estimulada;2;2021-12-09;332;"Ideia Big Data";"Votos Totais";24644;"cenário 5 - estimulado - 2º turno";289;"Ciro (PDT)";Ciro;;0;26.00;6-9.dez.2021;3.00;3.00;Exame;;;1200;10;PDT;
9758;2022;6;BRASIL;BR;3;Presidente;2;Estimulada;2;2021-12-09;332;"Ideia Big Data";"Votos Totais";24644;"cenário 5 - estimulado - 2º turno";209;"branco / nulo (N/A)";"branco / nulo";;1;27.00;6-9.dez.2021;3.00;3.00;Exame;;;1200;1;N/A;
9758;2022;6;BRASIL;BR;3;Presidente;2;Estimulada;2;2021-12-09;332;"Ideia Big Data";"Votos Totais";24644;"cenário 5 - estimulado - 2º turno";5046;"não sabe (N/A)";"não sabe";;1;5.00;6-9.dez.2021;3.00;3.00;Exame;;;1200;1;N/A;
9758;2022;6;BRASIL;BR;3;Presidente;2;Estimulada;2;2021-12-09;332;"Ideia Big Data";"Votos Totais";24645;"cenário 6 - estimulado - 2º turno";209;"branco / nulo (N/A)";"branco / nulo";;1;24.00;6-9.dez.2021;3.00;3.00;Exame;;;1200;1;N/A;
9758;2022;6;BRASIL;BR;3;Presidente;2;Estimulada;2;2021-12-09;332;"Ideia Big Data";"Votos Totais";24645;"cenário 6 - estimulado - 2º turno";706;"Bolsonaro (PL)";Bolsonaro;2018-Presidente;0;36.00;6-9.dez.2021;3.00;3.00;Exame;;;1200;15;PL;
9758;2022;6;BRASIL;BR;3;Presidente;2;Estimulada;2;2021-12-09;332;"Ideia Big Data";"Votos Totais";24645;"cenário 6 - estimulado - 2º turno";1583;"Sergio Moro (Podemos)";"Sergio Moro";;0;34.00;6-9.dez.2021;3.00;3.00;Exame;;;1200;19;Podemos;
9758;2022;6;BRASIL;BR;3;Presidente;2;Estimulada;2;2021-12-09;332;"Ideia Big Data";"Votos Totais";24645;"cenário 6 - estimulado - 2º turno";5046;"não sabe (N/A)";"não sabe";;1;6.00;6-9.dez.2021;3.00;3.00;Exame;;;1200;1;N/A;
9758;2022;6;BRASIL;BR;3;Presidente;2;Estimulada;1;2021-12-09;332;"Ideia Big Data";"Votos Totais";24637;"cenário 2 - estimulado - 1º turno";973;"Lula (PT)";Lula;;0;38.00;6-9.dez.2021;3.00;3.00;Exame;;;1200;39;PT;
9758;2022;6;BRASIL;BR;3;Presidente;2;Estimulada;1;2021-12-09;332;"Ideia Big Data";"Votos Totais";24637;"cenário 2 - estimulado - 1º turno";855;"João Doria (PSDB)";"João Doria";2018-Governador;0;7.00;6-9.dez.2021;3.00;3.00;Exame;;;1200;33;PSDB;
9758;2022;6;BRASIL;BR;3;Presidente;2;Estimulada;1;2021-12-09;332;"Ideia Big Data";"Votos Totais";24638;"cenário 3 - estimulado - 1º turno";289;"Ciro (PDT)";Ciro;;0;8.00;6-9.dez.2021;3.00;3.00;Exame;;;1200;10;PDT;
9758;2022;6;BRASIL;BR;3;Presidente;2;Estimulada;1;2021-12-09;332;"Ideia Big Data";"Votos Totais";24638;"cenário 3 - estimulado - 1º turno";5046;"não sabe (N/A)";"não sabe";;1;2.00;6-9.dez.2021;3.00;3.00;Exame;;;1200;1;N/A;
9758;2022;6;BRASIL;BR;3;Presidente;2;Estimulada;1;2021-12-09;332;"Ideia Big Data";"Votos Totais";24638;"cenário 3 - estimulado - 1º turno";973;"Lula (PT)";Lula;;0;38.00;6-9.dez.2021;3.00;3.00;Exame;;;1200;39;PT;
9758;2022;6;BRASIL;BR;3;Presidente;2;Estimulada;1;2021-12-09;332;"Ideia Big Data";"Votos Totais";24638;"cenário 3 - estimulado - 1º turno";706;"Bolsonaro (PL)";Bolsonaro;2018-Presidente;0;30.00;6-9.dez.2021;3.00;3.00;Exame;;;1200;15;PL;
9758;2022;6;BRASIL;BR;3;Presidente;2;Estimulada;1;2021-12-09;332;"Ideia Big Data";"Votos Totais";24638;"cenário 3 - estimulado - 1º turno";1583;"Sergio Moro (Podemos)";"Sergio Moro";;0;14.00;6-9.dez.2021;3.00;3.00;Exame;;;1200;19;Podemos;
9758;2022;6;BRASIL;BR;3;Presidente;2;Estimulada;1;2021-12-09;332;"Ideia Big Data";"Votos Totais";24638;"cenário 3 - estimulado - 1º turno";4982;"branco / nulo / nenhum (N/A)";"branco / nulo / nenhum";;1;8.00;6-9.dez.2021;3.00;3.00;Exame;;;1200;1;N/A;
9758;2022;6;BRASIL;BR;3;Presidente;2;Estimulada;1;2021-12-09;332;"Ideia Big Data";"Votos Totais";24639;"cenário 4 - estimulado - 1º turno";1583;"Sergio Moro (Podemos)";"Sergio Moro";;0;11.00;6-9.dez.2021;3.00;3.00;Exame;;;1200;19;Podemos;
9758;2022;6;BRASIL;BR;3;Presidente;2;Estimulada;1;2021-12-09;332;"Ideia Big Data";"Votos Totais";24639;"cenário 4 - estimulado - 1º turno";973;"Lula (PT)";Lula;;0;42.00;6-9.dez.2021;3.00;3.00;Exame;;;1200;39;PT;
9758;2022;6;BRASIL;BR;3;Presidente;2;Estimulada;1;2021-12-09;332;"Ideia Big Data";"Votos Totais";24639;"cenário 4 - estimulado - 1º turno";706;"Bolsonaro (PL)";Bolsonaro;2018-Presidente;0;30.00;6-9.dez.2021;3.00;3.00;Exame;;;1200;15;PL;
9758;2022;6;BRASIL;BR;3;Presidente;2;Estimulada;1;2021-12-09;332;"Ideia Big Data";"Votos Totais";24639;"cenário 4 - estimulado - 1º turno";289;"Ciro (PDT)";Ciro;;0;8.00;6-9.dez.2021;3.00;3.00;Exame;;;1200;10;PDT;
9758;2022;6;BRASIL;BR;3;Presidente;2;Estimulada;1;2021-12-09;332;"Ideia Big Data";"Votos Totais";24639;"cenário 4 - estimulado - 1º turno";855;"João Doria (PSDB)";"João Doria";2018-Governador;0;4.00;6-9.dez.2021;3.00;3.00;Exame;;;1200;33;PSDB;
9758;2022;6;BRASIL;BR;3;Presidente;2;Estimulada;1;2021-12-09;332;"Ideia Big Data";"Votos Totais";24639;"cenário 4 - estimulado - 1º turno";4982;"branco / nulo / nenhum (N/A)";"branco / nulo / nenhum";;1;4.00;6-9.dez.2021;3.00;3.00;Exame;;;1200;1;N/A;
9758;2022;6;BRASIL;BR;3;Presidente;2;Estimulada;1;2021-12-09;332;"Ideia Big Data";"Votos Totais";24639;"cenário 4 - estimulado - 1º turno";5046;"não sabe (N/A)";"não sabe";;1;2.00;6-9.dez.2021;3.00;3.00;Exame;;;1200;1;N/A;
9758;2022;6;BRASIL;BR;3;Presidente;2;Estimulada;2;2021-12-09;332;"Ideia Big Data";"Votos Totais";24640;"cenário 1 - estimulado - 2º turno";706;"Bolsonaro (PL)";Bolsonaro;2018-Presidente;0;36.00;6-9.dez.2021;3.00;3.00;Exame;;;1200;15;PL;
9758;2022;6;BRASIL;BR;3;Presidente;2;Estimulada;2;2021-12-09;332;"Ideia Big Data";"Votos Totais";24640;"cenário 1 - estimulado - 2º turno";973;"Lula (PT)";Lula;;0;47.00;6-9.dez.2021;3.00;3.00;Exame;;;1200;39;PT;
9758;2022;6;BRASIL;BR;3;Presidente;2;Estimulada;2;2021-12-09;332;"Ideia Big Data";"Votos Totais";24640;"cenário 1 - estimulado - 2º turno";5046;"não sabe (N/A)";"não sabe";;1;3.00;6-9.dez.2021;3.00;3.00;Exame;;;1200;1;N/A;
9758;2022;6;BRASIL;BR;3;Presidente;2;Estimulada;2;2021-12-09;332;"Ideia Big Data";"Votos Totais";24640;"cenário 1 - estimulado - 2º turno";209;"branco / nulo (N/A)";"branco / nulo";;1;14.00;6-9.dez.2021;3.00;3.00;Exame;;;1200;1;N/A;
9758;2022;6;BRASIL;BR;3;Presidente;2;Estimulada;2;2021-12-09;332;"Ideia Big Data";"Votos Totais";24641;"cenário 2 - estimulado - 2º turno";209;"branco / nulo (N/A)";"branco / nulo";;1;23.00;6-9.dez.2021;3.00;3.00;Exame;;;1200;1;N/A;
9758;2022;6;BRASIL;BR;3;Presidente;2;Estimulada;2;2021-12-09;332;"Ideia Big Data";"Votos Totais";24641;"cenário 2 - estimulado - 2º turno";973;"Lula (PT)";Lula;;0;48.00;6-9.dez.2021;3.00;3.00;Exame;;;1200;39;PT;
9758;2022;6;BRASIL;BR;3;Presidente;2;Estimulada;1;2021-12-09;332;"Ideia Big Data";"Votos Totais";24636;"cenário 1 - estimulado - 1º turno";289;"Ciro (PDT)";Ciro;;0;6.00;6-9.dez.2021;3.00;3.00;Exame;;;1200;10;PDT;
9758;2022;6;BRASIL;BR;3;Presidente;2;Estimulada;1;2021-12-09;332;"Ideia Big Data";"Votos Totais";24636;"cenário 1 - estimulado - 1º turno";973;"Lula (PT)";Lula;;0;37.00;6-9.dez.2021;3.00;3.00;Exame;;;1200;39;PT;
9758;2022;6;BRASIL;BR;3;Presidente;2;Estimulada;1;2021-12-09;332;"Ideia Big Data";"Votos Totais";24636;"cenário 1 - estimulado - 1º turno";706;"Bolsonaro (PL)";Bolsonaro;2018-Presidente;0;27.00;6-9.dez.2021;3.00;3.00;Exame;;;1200;15;PL;
9758;2022;6;BRASIL;BR;3;Presidente;2;Estimulada;1;2021-12-09;332;"Ideia Big Data";"Votos Totais";24636;"cenário 1 - estimulado - 1º turno";1583;"Sergio Moro (Podemos)";"Sergio Moro";;0;10.00;6-9.dez.2021;3.00;3.00;Exame;;;1200;19;Podemos;
9758;2022;6;BRASIL;BR;3;Presidente;2;Estimulada;1;2021-12-09;332;"Ideia Big Data";"Votos Totais";24636;"cenário 1 - estimulado - 1º turno";855;"João Doria (PSDB)";"João Doria";2018-Governador;0;4.00;6-9.dez.2021;3.00;3.00;Exame;;;1200;33;PSDB;
9758;2022;6;BRASIL;BR;3;Presidente;2;Estimulada;1;2021-12-09;332;"Ideia Big Data";"Votos Totais";24636;"cenário 1 - estimulado - 1º turno";1457;"Rodrigo Pacheco (PSD)";"Rodrigo Pacheco";2018-Senador;0;1.00;6-9.dez.2021;3.00;3.00;Exame;;;1200;32;PSD;
9758;2022;6;BRASIL;BR;3;Presidente;2;Estimulada;1;2021-12-09;332;"Ideia Big Data";"Votos Totais";24636;"cenário 1 - estimulado - 1º turno";959;"Luiz Felipe d'Avila (Novo)";"Luiz Felipe d'Avila";;0;1.00;6-9.dez.2021;3.00;3.00;Exame;;;1200;5;Novo;
9758;2022;6;BRASIL;BR;3;Presidente;2;Estimulada;1;2021-12-09;332;"Ideia Big Data";"Votos Totais";24636;"cenário 1 - estimulado - 1º turno";4958;"Cabo Daciolo (Brasil 35)";"Cabo Daciolo";;0;1.00;6-9.dez.2021;3.00;3.00;Exame;;;1200;62;"Brasil 35";
9758;2022;6;BRASIL;BR;3;Presidente;2;Estimulada;1;2021-12-09;332;"Ideia Big Data";"Votos Totais";24636;"cenário 1 - estimulado - 1º turno";4998;"Delegado Alessandro Vieira (Cidadania)";"Delegado Alessandro Vieira";;0;0.00;6-9.dez.2021;3.00;3.00;Exame;;;1200;60;Cidadania;
9758;2022;6;BRASIL;BR;3;Presidente;2;Estimulada;1;2021-12-09;332;"Ideia Big Data";"Votos Totais";24636;"cenário 1 - estimulado - 1º turno";1563;"Simone Tebet (MDB)";"Simone Tebet";;0;0.00;6-9.dez.2021;3.00;3.00;Exame;;;1200;3;MDB;
9758;2022;6;BRASIL;BR;3;Presidente;2;Estimulada;1;2021-12-09;332;"Ideia Big Data";"Votos Totais";24636;"cenário 1 - estimulado - 1º turno";4982;"branco / nulo / nenhum (N/A)";"branco / nulo / nenhum";;1;10.00;6-9.dez.2021;3.00;3.00;Exame;;;1200;1;N/A;
9758;2022;6;BRASIL;BR;3;Presidente;2;Estimulada;1;2021-12-09;332;"Ideia Big Data";"Votos Totais";24636;"cenário 1 - estimulado - 1º turno";5046;"não sabe (N/A)";"não sabe";;1;3.00;6-9.dez.2021;3.00;3.00;Exame;;;1200;1;N/A;
9758;2022;6;BRASIL;BR;3;Presidente;2;Estimulada;1;2021-12-09;332;"Ideia Big Data";"Votos Totais";24637;"cenário 2 - estimulado - 1º turno";4982;"branco / nulo / nenhum (N/A)";"branco / nulo / nenhum";;1;11.00;6-9.dez.2021;3.00;3.00;Exame;;;1200;1;N/A;
9758;2022;6;BRASIL;BR;3;Presidente;2;Estimulada;1;2021-12-09;332;"Ideia Big Data";"Votos Totais";24637;"cenário 2 - estimulado - 1º turno";5046;"não sabe (N/A)";"não sabe";;1;3.00;6-9.dez.2021;3.00;3.00;Exame;;;1200;1;N/A;
9758;2022;6;BRASIL;BR;3;Presidente;2;Estimulada;1;2021-12-09;332;"Ideia Big Data";"Votos Totais";24637;"cenário 2 - estimulado - 1º turno";706;"Bolsonaro (PL)";Bolsonaro;2018-Presidente;0;32.00;6-9.dez.2021;3.00;3.00;Exame;;;1200;15;PL;
9758;2022;6;BRASIL;BR;3;Presidente;2;Estimulada;1;2021-12-09;332;"Ideia Big Data";"Votos Totais";24637;"cenário 2 - estimulado - 1º turno";289;"Ciro (PDT)";Ciro;;0;9.00;6-9.dez.2021;3.00;3.00;Exame;;;1200;10;PDT;
9761;2022;6;BRASIL;BR;3;Presidente;2;Estimulada;1;2021-12-13;85;Ipec;"Votos Totais";24657;"cenário 2 - estimulado - 1º turno";855;"João Doria (PSDB)";"João Doria";2018-Governador;0;3.00;9-13.dez.2021;2.00;2.00;;;;2002;33;PSDB;
9761;2022;6;BRASIL;BR;3;Presidente;2;Estimulada;1;2021-12-13;85;Ipec;"Votos Totais";24657;"cenário 2 - estimulado - 1º turno";289;"Ciro (PDT)";Ciro;;0;5.00;9-13.dez.2021;2.00;2.00;;;;2002;10;PDT;
9761;2022;6;BRASIL;BR;3;Presidente;2;Estimulada;1;2021-12-13;85;Ipec;"Votos Totais";24657;"cenário 2 - estimulado - 1º turno";1210;"não sabe / não respondeu (N/A)";"não sabe / não respondeu";;1;3.00;9-13.dez.2021;2.00;2.00;;;;2002;1;N/A;
9761;2022;6;BRASIL;BR;3;Presidente;2;Estimulada;1;2021-12-13;85;Ipec;"Votos Totais";24657;"cenário 2 - estimulado - 1º turno";209;"branco / nulo (N/A)";"branco / nulo";;1;9.00;9-13.dez.2021;2.00;2.00;;;;2002;1;N/A;
9761;2022;6;BRASIL;BR;3;Presidente;2;Estimulada;1;2021-12-13;85;Ipec;"Votos Totais";24656;"cenário 1 - estimulado - 1º turno";1210;"não sabe / não respondeu (N/A)";"não sabe / não respondeu";;1;5.00;9-13.dez.2021;2.00;2.00;;;;2002;1;N/A;
9761;2022;6;BRASIL;BR;3;Presidente;2;Estimulada;1;2021-12-13;85;Ipec;"Votos Totais";24656;"cenário 1 - estimulado - 1º turno";209;"branco / nulo (N/A)";"branco / nulo";;1;9.00;9-13.dez.2021;2.00;2.00;;;;2002;1;N/A;
9761;2022;6;BRASIL;BR;3;Presidente;2;Estimulada;1;2021-12-13;85;Ipec;"Votos Totais";24656;"cenário 1 - estimulado - 1º turno";1457;"Rodrigo Pacheco (PSD)";"Rodrigo Pacheco";2018-Senador;0;0.00;9-13.dez.2021;2.00;2.00;;;;2002;32;PSD;
9761;2022;6;BRASIL;BR;3;Presidente;2;Estimulada;1;2021-12-13;85;Ipec;"Votos Totais";24656;"cenário 1 - estimulado - 1º turno";6057;"Leonardo Péricles (UP)";"Leonardo Péricles";;0;0.00;9-13.dez.2021;2.00;2.00;;;;2002;61;UP;
9761;2022;6;BRASIL;BR;3;Presidente;2;Estimulada;1;2021-12-13;85;Ipec;"Votos Totais";24656;"cenário 1 - estimulado - 1º turno";959;"Luiz Felipe d'Avila (Novo)";"Luiz Felipe d'Avila";;0;0.00;9-13.dez.2021;2.00;2.00;;;;2002;5;Novo;
9761;2022;6;BRASIL;BR;3;Presidente;2;Estimulada;1;2021-12-13;85;Ipec;"Votos Totais";24656;"cenário 1 - estimulado - 1º turno";1583;"Sergio Moro (Podemos)";"Sergio Moro";;0;6.00;9-13.dez.2021;2.00;2.00;;;;2002;19;Podemos;
9761;2022;6;BRASIL;BR;3;Presidente;2;Estimulada;1;2021-12-13;85;Ipec;"Votos Totais";24656;"cenário 1 - estimulado - 1º turno";973;"Lula (PT)";Lula;;0;48.00;9-13.dez.2021;2.00;2.00;;;;2002;39;PT;
9761;2022;6;BRASIL;BR;3;Presidente;2;Estimulada;1;2021-12-13;85;Ipec;"Votos Totais";24656;"cenário 1 - estimulado - 1º turno";706;"Bolsonaro (PL)";Bolsonaro;2018-Presidente;0;21.00;9-13.dez.2021;2.00;2.00;;;;2002;15;PL;
9761;2022;6;BRASIL;BR;3;Presidente;2;Estimulada;1;2021-12-13;85;Ipec;"Votos Totais";24656;"cenário 1 - estimulado - 1º turno";289;"Ciro (PDT)";Ciro;;0;5.00;9-13.dez.2021;2.00;2.00;;;;2002;10;PDT;
9761;2022;6;BRASIL;BR;3;Presidente;2;Estimulada;1;2021-12-13;85;Ipec;"Votos Totais";24656;"cenário 1 - estimulado - 1º turno";5471;"André Janones (Avante)";"André Janones";;0;2.00;9-13.dez.2021;2.00;2.00;;;;2002;51;Avante;
9761;2022;6;BRASIL;BR;3;Presidente;2;Estimulada;1;2021-12-13;85;Ipec;"Votos Totais";24656;"cenário 1 - estimulado - 1º turno";855;"João Doria (PSDB)";"João Doria";2018-Governador;0;2.00;9-13.dez.2021;2.00;2.00;;;;2002;33;PSDB;
9761;2022;6;BRASIL;BR;3;Presidente;2;Estimulada;1;2021-12-13;85;Ipec;"Votos Totais";24656;"cenário 1 - estimulado - 1º turno";4958;"Cabo Daciolo (Brasil 35)";"Cabo Daciolo";;0;1.00;9-13.dez.2021;2.00;2.00;;;;2002;62;"Brasil 35";
9761;2022;6;BRASIL;BR;3;Presidente;2;Estimulada;1;2021-12-13;85;Ipec;"Votos Totais";24656;"cenário 1 - estimulado - 1º turno";1563;"Simone Tebet (MDB)";"Simone Tebet";;0;1.00;9-13.dez.2021;2.00;2.00;;;;2002;3;MDB;
9761;2022;6;BRASIL;BR;3;Presidente;2;Estimulada;1;2021-12-13;85;Ipec;"Votos Totais";24656;"cenário 1 - estimulado - 1º turno";4998;"Delegado Alessandro Vieira (Cidadania)";"Delegado Alessandro Vieira";;0;0.00;9-13.dez.2021;2.00;2.00;;;;2002;60;Cidadania;
9761;2022;6;BRASIL;BR;3;Presidente;2;Estimulada;1;2021-12-13;85;Ipec;"Votos Totais";24657;"cenário 2 - estimulado - 1º turno";973;"Lula (PT)";Lula;;0;49.00;9-13.dez.2021;2.00;2.00;;;;2002;39;PT;
9761;2022;6;BRASIL;BR;3;Presidente;2;Estimulada;1;2021-12-13;85;Ipec;"Votos Totais";24657;"cenário 2 - estimulado - 1º turno";706;"Bolsonaro (PL)";Bolsonaro;2018-Presidente;0;22.00;9-13.dez.2021;2.00;2.00;;;;2002;15;PL;
9761;2022;6;BRASIL;BR;3;Presidente;2;Estimulada;1;2021-12-13;85;Ipec;"Votos Totais";24657;"cenário 2 - estimulado - 1º turno";1583;"Sergio Moro (Podemos)";"Sergio Moro";;0;8.00;9-13.dez.2021;2.00;2.00;;;;2002;19;Podemos;
9769;2022;6;BRASIL;BR;3;Presidente;2;Estimulada;1;2021-12-16;88;Ipespe;"Votos Totais";24699;"cenário 1 - estimulado - 1º turno";973;"Lula (PT)";Lula;;0;44.00;14-16.dez.2021;3.20;3.20;"XP Inc.";;;1000;39;PT;
9769;2022;6;BRASIL;BR;3;Presidente;2;Estimulada;1;2021-12-16;88;Ipespe;"Votos Totais";24699;"cenário 1 - estimulado - 1º turno";1210;"não sabe / não respondeu (N/A)";"não sabe / não respondeu";;1;3.00;14-16.dez.2021;3.20;3.20;"XP Inc.";;;1000;1;N/A;
9769;2022;6;BRASIL;BR;3;Presidente;2;Estimulada;1;2021-12-16;88;Ipespe;"Votos Totais";24699;"cenário 1 - estimulado - 1º turno";4982;"branco / nulo / nenhum (N/A)";"branco / nulo / nenhum";;1;9.00;14-16.dez.2021;3.20;3.20;"XP Inc.";;;1000;1;N/A;
9769;2022;6;BRASIL;BR;3;Presidente;2;Estimulada;1;2021-12-16;88;Ipespe;"Votos Totais";24699;"cenário 1 - estimulado - 1º turno";1457;"Rodrigo Pacheco (PSD)";"Rodrigo Pacheco";2018-Senador;0;1.00;14-16.dez.2021;3.20;3.20;"XP Inc.";;;1000;32;PSD;
9769;2022;6;BRASIL;BR;3;Presidente;2;Estimulada;1;2021-12-16;88;Ipespe;"Votos Totais";24699;"cenário 1 - estimulado - 1º turno";959;"Luiz Felipe d'Avila (Novo)";"Luiz Felipe d'Avila";;0;1.00;14-16.dez.2021;3.20;3.20;"XP Inc.";;;1000;5;Novo;
9769;2022;6;BRASIL;BR;3;Presidente;2;Estimulada;1;2021-12-16;88;Ipespe;"Votos Totais";24699;"cenário 1 - estimulado - 1º turno";855;"João Doria (PSDB)";"João Doria";2018-Governador;0;3.00;14-16.dez.2021;3.20;3.20;"XP Inc.";;;1000;33;PSDB;
9769;2022;6;BRASIL;BR;3;Presidente;2;Estimulada;1;2021-12-16;88;Ipespe;"Votos Totais";24699;"cenário 1 - estimulado - 1º turno";289;"Ciro (PDT)";Ciro;;0;7.00;14-16.dez.2021;3.20;3.20;"XP Inc.";;;1000;10;PDT;
9769;2022;6;BRASIL;BR;3;Presidente;2;Estimulada;1;2021-12-16;88;Ipespe;"Votos Totais";24699;"cenário 1 - estimulado - 1º turno";1583;"Sergio Moro (Podemos)";"Sergio Moro";;0;9.00;14-16.dez.2021;3.20;3.20;"XP Inc.";;;1000;19;Podemos;
9769;2022;6;BRASIL;BR;3;Presidente;2;Estimulada;1;2021-12-16;88;Ipespe;"Votos Totais";24699;"cenário 1 - estimulado - 1º turno";706;"Bolsonaro (PL)";Bolsonaro;2018-Presidente;0;24.00;14-16.dez.2021;3.20;3.20;"XP Inc.";;;1000;15;PL;
9769;2022;6;BRASIL;BR;3;Presidente;2;Estimulada;1;2021-12-16;88;Ipespe;"Votos Totais";24700;"cenário 2 - estimulado - 1º turno";4982;"branco / nulo / nenhum (N/A)";"branco / nulo / nenhum";;1;8.00;14-16.dez.2021;3.20;3.20;"XP Inc.";;;1000;1;N/A;
9769;2022;6;BRASIL;BR;3;Presidente;2;Estimulada;1;2021-12-16;88;Ipespe;"Votos Totais";24700;"cenário 2 - estimulado - 1º turno";973;"Lula (PT)";Lula;;0;43.00;14-16.dez.2021;3.20;3.20;"XP Inc.";;;1000;39;PT;
9769;2022;6;BRASIL;BR;3;Presidente;2;Estimulada;1;2021-12-16;88;Ipespe;"Votos Totais";24700;"cenário 2 - estimulado - 1º turno";706;"Bolsonaro (PL)";Bolsonaro;2018-Presidente;0;23.00;14-16.dez.2021;3.20;3.20;"XP Inc.";;;1000;15;PL;
9769;2022;6;BRASIL;BR;3;Presidente;2;Estimulada;1;2021-12-16;88;Ipespe;"Votos Totais";24700;"cenário 2 - estimulado - 1º turno";1583;"Sergio Moro (Podemos)";"Sergio Moro";;0;9.00;14-16.dez.2021;3.20;3.20;"XP Inc.";;;1000;19;Podemos;
9769;2022;6;BRASIL;BR;3;Presidente;2;Estimulada;1;2021-12-16;88;Ipespe;"Votos Totais";24700;"cenário 2 - estimulado - 1º turno";289;"Ciro (PDT)";Ciro;;0;7.00;14-16.dez.2021;3.20;3.20;"XP Inc.";;;1000;10;PDT;
9769;2022;6;BRASIL;BR;3;Presidente;2;Estimulada;1;2021-12-16;88;Ipespe;"Votos Totais";24700;"cenário 2 - estimulado - 1º turno";855;"João Doria (PSDB)";"João Doria";2018-Governador;0;3.00;14-16.dez.2021;3.20;3.20;"XP Inc.";;;1000;33;PSDB;
9769;2022;6;BRASIL;BR;3;Presidente;2;Estimulada;1;2021-12-16;88;Ipespe;"Votos Totais";24700;"cenário 2 - estimulado - 1º turno";4958;"Cabo Daciolo (Brasil 35)";"Cabo Daciolo";;0;1.00;14-16.dez.2021;3.20;3.20;"XP Inc.";;;1000;62;"Brasil 35";
9769;2022;6;BRASIL;BR;3;Presidente;2;Estimulada;1;2021-12-16;88;Ipespe;"Votos Totais";24700;"cenário 2 - estimulado - 1º turno";1563;"Simone Tebet (MDB)";"Simone Tebet";;0;1.00;14-16.dez.2021;3.20;3.20;"XP Inc.";;;1000;3;MDB;
9769;2022;6;BRASIL;BR;3;Presidente;2;Estimulada;1;2021-12-16;88;Ipespe;"Votos Totais";24700;"cenário 2 - estimulado - 1º turno";1457;"Rodrigo Pacheco (PSD)";"Rodrigo Pacheco";2018-Senador;0;1.00;14-16.dez.2021;3.20;3.20;"XP Inc.";;;1000;32;PSD;
9769;2022;6;BRASIL;BR;3;Presidente;2;Estimulada;1;2021-12-16;88;Ipespe;"Votos Totais";24700;"cenário 2 - estimulado - 1º turno";4998;"Delegado Alessandro Vieira (Cidadania)";"Delegado Alessandro Vieira";;0;1.00;14-16.dez.2021;3.20;3.20;"XP Inc.";;;1000;60;Cidadania;
9769;2022;6;BRASIL;BR;3;Presidente;2;Estimulada;1;2021-12-16;88;Ipespe;"Votos Totais";24700;"cenário 2 - estimulado - 1º turno";959;"Luiz Felipe d'Avila (Novo)";"Luiz Felipe d'Avila";;0;0.00;14-16.dez.2021;3.20;3.20;"XP Inc.";;;1000;5;Novo;
9769;2022;6;BRASIL;BR;3;Presidente;2;Estimulada;1;2021-12-16;88;Ipespe;"Votos Totais";24700;"cenário 2 - estimulado - 1º turno";1210;"não sabe / não respondeu (N/A)";"não sabe / não respondeu";;1;1.00;14-16.dez.2021;3.20;3.20;"XP Inc.";;;1000;1;N/A;
9769;2022;6;BRASIL;BR;3;Presidente;2;Estimulada;2;2021-12-16;88;Ipespe;"Votos Totais";24701;"cenário 1 - estimulado - 2º turno";973;"Lula (PT)";Lula;;0;53.00;14-16.dez.2021;3.20;3.20;"XP Inc.";;;1000;39;PT;
9769;2022;6;BRASIL;BR;3;Presidente;2;Estimulada;2;2021-12-16;88;Ipespe;"Votos Totais";24701;"cenário 1 - estimulado - 2º turno";213;"branco / nulo / indeciso / nenhum / não sabe / não respondeu (N/A)";"branco / nulo / indeciso / nenhum / não sabe / não respondeu";;1;16.00;14-16.dez.2021;3.20;3.20;"XP Inc.";;;1000;1;N/A;
9769;2022;6;BRASIL;BR;3;Presidente;2;Estimulada;2;2021-12-16;88;Ipespe;"Votos Totais";24701;"cenário 1 - estimulado - 2º turno";706;"Bolsonaro (PL)";Bolsonaro;2018-Presidente;0;31.00;14-16.dez.2021;3.20;3.20;"XP Inc.";;;1000;15;PL;
9769;2022;6;BRASIL;BR;3;Presidente;2;Estimulada;2;2021-12-16;88;Ipespe;"Votos Totais";24702;"cenário 2 - estimulado - 2º turno";213;"branco / nulo / indeciso / nenhum / não sabe / não respondeu (N/A)";"branco / nulo / indeciso / nenhum / não sabe / não respondeu";;1;15.00;14-16.dez.2021;3.20;3.20;"XP Inc.";;;1000;1;N/A;
9769;2022;6;BRASIL;BR;3;Presidente;2;Estimulada;2;2021-12-16;88;Ipespe;"Votos Totais";24702;"cenário 2 - estimulado - 2º turno";1583;"Sergio Moro (Podemos)";"Sergio Moro";;0;33.00;14-16.dez.2021;3.20;3.20;"XP Inc.";;;1000;19;Podemos;
9769;2022;6;BRASIL;BR;3;Presidente;2;Estimulada;2;2021-12-16;88;Ipespe;"Votos Totais";24702;"cenário 2 - estimulado - 2º turno";973;"Lula (PT)";Lula;;0;52.00;14-16.dez.2021;3.20;3.20;"XP Inc.";;;1000;39;PT;
9769;2022;6;BRASIL;BR;3;Presidente;2;Estimulada;2;2021-12-16;88;Ipespe;"Votos Totais";24703;"cenário 3 - estimulado - 2º turno";973;"Lula (PT)";Lula;;0;52.00;14-16.dez.2021;3.20;3.20;"XP Inc.";;;1000;39;PT;
9769;2022;6;BRASIL;BR;3;Presidente;2;Estimulada;2;2021-12-16;88;Ipespe;"Votos Totais";24703;"cenário 3 - estimulado - 2º turno";213;"branco / nulo / indeciso / nenhum / não sabe / não respondeu (N/A)";"branco / nulo / indeciso / nenhum / não sabe / não respondeu";;1;23.00;14-16.dez.2021;3.20;3.20;"XP Inc.";;;1000;1;N/A;
9769;2022;6;BRASIL;BR;3;Presidente;2;Estimulada;2;2021-12-16;88;Ipespe;"Votos Totais";24703;"cenário 3 - estimulado - 2º turno";289;"Ciro (PDT)";Ciro;;0;25.00;14-16.dez.2021;3.20;3.20;"XP Inc.";;;1000;10;PDT;
9769;2022;6;BRASIL;BR;3;Presidente;2;Estimulada;2;2021-12-16;88;Ipespe;"Votos Totais";24704;"cenário 4 - estimulado - 2º turno";855;"João Doria (PSDB)";"João Doria";2018-Governador;0;22.00;14-16.dez.2021;3.20;3.20;"XP Inc.";;;1000;33;PSDB;
9769;2022;6;BRASIL;BR;3;Presidente;2;Estimulada;2;2021-12-16;88;Ipespe;"Votos Totais";24704;"cenário 4 - estimulado - 2º turno";213;"branco / nulo / indeciso / nenhum / não sabe / não respondeu (N/A)";"branco / nulo / indeciso / nenhum / não sabe / não respondeu";;1;24.00;14-16.dez.2021;3.20;3.20;"XP Inc.";;;1000;1;N/A;
9769;2022;6;BRASIL;BR;3;Presidente;2;Estimulada;2;2021-12-16;88;Ipespe;"Votos Totais";24704;"cenário 4 - estimulado - 2º turno";973;"Lula (PT)";Lula;;0;53.00;14-16.dez.2021;3.20;3.20;"XP Inc.";;;1000;39;PT;
9769;2022;6;BRASIL;BR;3;Presidente;2;Estimulada;2;2021-12-16;88;Ipespe;"Votos Totais";24705;"cenário 5 - estimulado - 2º turno";706;"Bolsonaro (PL)";Bolsonaro;2018-Presidente;0;33.00;14-16.dez.2021;3.20;3.20;"XP Inc.";;;1000;15;PL;
9769;2022;6;BRASIL;BR;3;Presidente;2;Estimulada;2;2021-12-16;88;Ipespe;"Votos Totais";24705;"cenário 5 - estimulado - 2º turno";289;"Ciro (PDT)";Ciro;;0;44.00;14-16.dez.2021;3.20;3.20;"XP Inc.";;;1000;10;PDT;
9769;2022;6;BRASIL;BR;3;Presidente;2;Estimulada;2;2021-12-16;88;Ipespe;"Votos Totais";24705;"cenário 5 - estimulado - 2º turno";213;"branco / nulo / indeciso / nenhum / não sabe / não respondeu (N/A)";"branco / nulo / indeciso / nenhum / não sabe / não respondeu";;1;23.00;14-16.dez.2021;3.20;3.20;"XP Inc.";;;1000;1;N/A;
9769;2022;6;BRASIL;BR;3;Presidente;2;Estimulada;2;2021-12-16;88;Ipespe;"Votos Totais";24706;"cenário 6 - estimulado - 2º turno";706;"Bolsonaro (PL)";Bolsonaro;2018-Presidente;0;36.00;14-16.dez.2021;3.20;3.20;"XP Inc.";;;1000;15;PL;
9769;2022;6;BRASIL;BR;3;Presidente;2;Estimulada;2;2021-12-16;88;Ipespe;"Votos Totais";24706;"cenário 6 - estimulado - 2º turno";855;"João Doria (PSDB)";"João Doria";2018-Governador;0;43.00;14-16.dez.2021;3.20;3.20;"XP Inc.";;;1000;33;PSDB;
9769;2022;6;BRASIL;BR;3;Presidente;2;Estimulada;2;2021-12-16;88;Ipespe;"Votos Totais";24706;"cenário 6 - estimulado - 2º turno";213;"branco / nulo / indeciso / nenhum / não sabe / não respondeu (N/A)";"branco / nulo / indeciso / nenhum / não sabe / não respondeu";;1;21.00;14-16.dez.2021;3.20;3.20;"XP Inc.";;;1000;1;N/A;
9762;2022;6;BRASIL;BR;3;Presidente;2;Estimulada;1;2021-12-11;94;MDA;"Votos Totais";24658;"cenário 1 - estimulado - 1º turno";209;"branco / nulo (N/A)";"branco / nulo";;1;7.60;9-11.dez.2021;2.20;2.20;"CNT (Confederação Nacional do Transporte)";;;2002;1;N/A;
9762;2022;6;BRASIL;BR;3;Presidente;2;Estimulada;1;2021-12-11;94;MDA;"Votos Totais";24658;"cenário 1 - estimulado - 1º turno";855;"João Doria (PSDB)";"João Doria";2018-Governador;0;1.80;9-11.dez.2021;2.20;2.20;"CNT (Confederação Nacional do Transporte)";;;2002;33;PSDB;
9762;2022;6;BRASIL;BR;3;Presidente;2;Estimulada;1;2021-12-11;94;MDA;"Votos Totais";24658;"cenário 1 - estimulado - 1º turno";289;"Ciro (PDT)";Ciro;;0;4.90;9-11.dez.2021;2.20;2.20;"CNT (Confederação Nacional do Transporte)";;;2002;10;PDT;
9762;2022;6;BRASIL;BR;3;Presidente;2;Estimulada;1;2021-12-11;94;MDA;"Votos Totais";24658;"cenário 1 - estimulado - 1º turno";1583;"Sergio Moro (Podemos)";"Sergio Moro";;0;8.90;9-11.dez.2021;2.20;2.20;"CNT (Confederação Nacional do Transporte)";;;2002;19;Podemos;
9762;2022;6;BRASIL;BR;3;Presidente;2;Estimulada;1;2021-12-11;94;MDA;"Votos Totais";24658;"cenário 1 - estimulado - 1º turno";5132;"indeciso (N/A)";indeciso;;1;7.70;9-11.dez.2021;2.20;2.20;"CNT (Confederação Nacional do Transporte)";;;2002;1;N/A;
9762;2022;6;BRASIL;BR;3;Presidente;2;Estimulada;1;2021-12-11;94;MDA;"Votos Totais";24658;"cenário 1 - estimulado - 1º turno";973;"Lula (PT)";Lula;;0;42.80;9-11.dez.2021;2.20;2.20;"CNT (Confederação Nacional do Transporte)";;;2002;39;PT;
9762;2022;6;BRASIL;BR;3;Presidente;2;Estimulada;1;2021-12-11;94;MDA;"Votos Totais";24658;"cenário 1 - estimulado - 1º turno";706;"Bolsonaro (PL)";Bolsonaro;2018-Presidente;0;25.60;9-11.dez.2021;2.20;2.20;"CNT (Confederação Nacional do Transporte)";;;2002;15;PL;
9762;2022;6;BRASIL;BR;3;Presidente;2;Estimulada;1;2021-12-11;94;MDA;"Votos Totais";24658;"cenário 1 - estimulado - 1º turno";959;"Luiz Felipe d'Avila (Novo)";"Luiz Felipe d'Avila";;0;0.40;9-11.dez.2021;2.20;2.20;"CNT (Confederação Nacional do Transporte)";;;2002;5;Novo;
9762;2022;6;BRASIL;BR;3;Presidente;2;Estimulada;1;2021-12-11;94;MDA;"Votos Totais";24658;"cenário 1 - estimulado - 1º turno";1457;"Rodrigo Pacheco (PSD)";"Rodrigo Pacheco";2018-Senador;0;0.30;9-11.dez.2021;2.20;2.20;"CNT (Confederação Nacional do Transporte)";;;2002;32;PSD;
9768;2022;6;BRASIL;BR;3;Presidente;2;Estimulada;1;2021-12-21;356;PoderData;"Votos Totais";24692;"cenário 1 - estimulado - 1º turno";1563;"Simone Tebet (MDB)";"Simone Tebet";;0;1.00;19-21.dez.2021;2.00;2.00;;;;3000;3;MDB;
9768;2022;6;BRASIL;BR;3;Presidente;2;Estimulada;1;2021-12-21;356;PoderData;"Votos Totais";24692;"cenário 1 - estimulado - 1º turno";5471;"André Janones (Avante)";"André Janones";;0;2.00;19-21.dez.2021;2.00;2.00;;;;3000;51;Avante;
9768;2022;6;BRASIL;BR;3;Presidente;2;Estimulada;1;2021-12-21;356;PoderData;"Votos Totais";24692;"cenário 1 - estimulado - 1º turno";855;"João Doria (PSDB)";"João Doria";2018-Governador;0;4.00;19-21.dez.2021;2.00;2.00;;;;3000;33;PSDB;
9768;2022;6;BRASIL;BR;3;Presidente;2;Estimulada;1;2021-12-21;356;PoderData;"Votos Totais";24692;"cenário 1 - estimulado - 1º turno";289;"Ciro (PDT)";Ciro;;0;4.00;19-21.dez.2021;2.00;2.00;;;;3000;10;PDT;
9768;2022;6;BRASIL;BR;3;Presidente;2;Estimulada;1;2021-12-21;356;PoderData;"Votos Totais";24692;"cenário 1 - estimulado - 1º turno";1583;"Sergio Moro (Podemos)";"Sergio Moro";;0;7.00;19-21.dez.2021;2.00;2.00;;;;3000;19;Podemos;
9768;2022;6;BRASIL;BR;3;Presidente;2;Estimulada;1;2021-12-21;356;PoderData;"Votos Totais";24692;"cenário 1 - estimulado - 1º turno";706;"Bolsonaro (PL)";Bolsonaro;2018-Presidente;0;30.00;19-21.dez.2021;2.00;2.00;;;;3000;15;PL;
9768;2022;6;BRASIL;BR;3;Presidente;2;Estimulada;1;2021-12-21;356;PoderData;"Votos Totais";24692;"cenário 1 - estimulado - 1º turno";973;"Lula (PT)";Lula;;0;40.00;19-21.dez.2021;2.00;2.00;;;;3000;39;PT;
9768;2022;6;BRASIL;BR;3;Presidente;2;Estimulada;1;2021-12-21;356;PoderData;"Votos Totais";24692;"cenário 1 - estimulado - 1º turno";209;"branco / nulo (N/A)";"branco / nulo";;1;5.00;19-21.dez.2021;2.00;2.00;;;;3000;1;N/A;
9768;2022;6;BRASIL;BR;3;Presidente;2;Estimulada;1;2021-12-21;356;PoderData;"Votos Totais";24692;"cenário 1 - estimulado - 1º turno";1457;"Rodrigo Pacheco (PSD)";"Rodrigo Pacheco";2018-Senador;0;0.00;19-21.dez.2021;2.00;2.00;;;;3000;32;PSD;
9768;2022;6;BRASIL;BR;3;Presidente;2;Estimulada;1;2021-12-21;356;PoderData;"Votos Totais";24692;"cenário 1 - estimulado - 1º turno";5046;"não sabe (N/A)";"não sabe";;1;6.00;19-21.dez.2021;2.00;2.00;;;;3000;1;N/A;
9768;2022;6;BRASIL;BR;3;Presidente;2;Estimulada;1;2021-12-21;356;PoderData;"Votos Totais";24692;"cenário 1 - estimulado - 1º turno";959;"Luiz Felipe d'Avila (Novo)";"Luiz Felipe d'Avila";;0;0.00;19-21.dez.2021;2.00;2.00;;;;3000;5;Novo;
9768;2022;6;BRASIL;BR;3;Presidente;2;Estimulada;1;2021-12-21;356;PoderData;"Votos Totais";24692;"cenário 1 - estimulado - 1º turno";4998;"Delegado Alessandro Vieira (Cidadania)";"Delegado Alessandro Vieira";;0;1.00;19-21.dez.2021;2.00;2.00;;;;3000;60;Cidadania;
9768;2022;6;BRASIL;BR;3;Presidente;2;Estimulada;2;2021-12-21;356;PoderData;"Votos Totais";24693;"cenário 1 - estimulado - 2º turno";209;"branco / nulo (N/A)";"branco / nulo";;1;8.00;19-21.dez.2021;2.00;2.00;;;;3000;1;N/A;
9768;2022;6;BRASIL;BR;3;Presidente;2;Estimulada;2;2021-12-21;356;PoderData;"Votos Totais";24693;"cenário 1 - estimulado - 2º turno";706;"Bolsonaro (PL)";Bolsonaro;2018-Presidente;0;34.00;19-21.dez.2021;2.00;2.00;;;;3000;15;PL;
9768;2022;6;BRASIL;BR;3;Presidente;2;Estimulada;2;2021-12-21;356;PoderData;"Votos Totais";24693;"cenário 1 - estimulado - 2º turno";973;"Lula (PT)";Lula;;0;54.00;19-21.dez.2021;2.00;2.00;;;;3000;39;PT;
9768;2022;6;BRASIL;BR;3;Presidente;2;Estimulada;2;2021-12-21;356;PoderData;"Votos Totais";24693;"cenário 1 - estimulado - 2º turno";5046;"não sabe (N/A)";"não sabe";;1;3.00;19-21.dez.2021;2.00;2.00;;;;3000;1;N/A;
9768;2022;6;BRASIL;BR;3;Presidente;2;Estimulada;2;2021-12-21;356;PoderData;"Votos Totais";24694;"cenário 2 - estimulado - 2º turno";706;"Bolsonaro (PL)";Bolsonaro;2018-Presidente;0;39.00;19-21.dez.2021;2.00;2.00;;;;3000;15;PL;
9768;2022;6;BRASIL;BR;3;Presidente;2;Estimulada;2;2021-12-21;356;PoderData;"Votos Totais";24694;"cenário 2 - estimulado - 2º turno";209;"branco / nulo (N/A)";"branco / nulo";;1;15.00;19-21.dez.2021;2.00;2.00;;;;3000;1;N/A;
9768;2022;6;BRASIL;BR;3;Presidente;2;Estimulada;2;2021-12-21;356;PoderData;"Votos Totais";24694;"cenário 2 - estimulado - 2º turno";5046;"não sabe (N/A)";"não sabe";;1;1.00;19-21.dez.2021;2.00;2.00;;;;3000;1;N/A;
9768;2022;6;BRASIL;BR;3;Presidente;2;Estimulada;2;2021-12-21;356;PoderData;"Votos Totais";24694;"cenário 2 - estimulado - 2º turno";289;"Ciro (PDT)";Ciro;;0;45.00;19-21.dez.2021;2.00;2.00;;;;3000;10;PDT;
9768;2022;6;BRASIL;BR;3;Presidente;2;Estimulada;2;2021-12-21;356;PoderData;"Votos Totais";24695;"cenário 3 - estimulado - 2º turno";706;"Bolsonaro (PL)";Bolsonaro;2018-Presidente;0;33.00;19-21.dez.2021;2.00;2.00;;;;3000;15;PL;
9768;2022;6;BRASIL;BR;3;Presidente;2;Estimulada;2;2021-12-21;356;PoderData;"Votos Totais";24695;"cenário 3 - estimulado - 2º turno";5046;"não sabe (N/A)";"não sabe";;1;2.00;19-21.dez.2021;2.00;2.00;;;;3000;1;N/A;
9768;2022;6;BRASIL;BR;3;Presidente;2;Estimulada;2;2021-12-21;356;PoderData;"Votos Totais";24695;"cenário 3 - estimulado - 2º turno";209;"branco / nulo (N/A)";"branco / nulo";;1;27.00;19-21.dez.2021;2.00;2.00;;;;3000;1;N/A;
9768;2022;6;BRASIL;BR;3;Presidente;2;Estimulada;2;2021-12-21;356;PoderData;"Votos Totais";24695;"cenário 3 - estimulado - 2º turno";1583;"Sergio Moro (Podemos)";"Sergio Moro";;0;37.00;19-21.dez.2021;2.00;2.00;;;;3000;19;Podemos;
9768;2022;6;BRASIL;BR;3;Presidente;2;Estimulada;2;2021-12-21;356;PoderData;"Votos Totais";24696;"cenário 4 - estimulado - 2º turno";973;"Lula (PT)";Lula;;0;51.00;19-21.dez.2021;2.00;2.00;;;;3000;39;PT;
9768;2022;6;BRASIL;BR;3;Presidente;2;Estimulada;2;2021-12-21;356;PoderData;"Votos Totais";24696;"cenário 4 - estimulado - 2º turno";5046;"não sabe (N/A)";"não sabe";;1;2.00;19-21.dez.2021;2.00;2.00;;;;3000;1;N/A;
9768;2022;6;BRASIL;BR;3;Presidente;2;Estimulada;2;2021-12-21;356;PoderData;"Votos Totais";24696;"cenário 4 - estimulado - 2º turno";855;"João Doria (PSDB)";"João Doria";2018-Governador;0;19.00;19-21.dez.2021;2.00;2.00;;;;3000;33;PSDB;
9768;2022;6;BRASIL;BR;3;Presidente;2;Estimulada;2;2021-12-21;356;PoderData;"Votos Totais";24696;"cenário 4 - estimulado - 2º turno";209;"branco / nulo (N/A)";"branco / nulo";;1;28.00;19-21.dez.2021;2.00;2.00;;;;3000;1;N/A;
9768;2022;6;BRASIL;BR;3;Presidente;2;Estimulada;2;2021-12-21;356;PoderData;"Votos Totais";24697;"cenário 5 - estimulado - 2º turno";1583;"Sergio Moro (Podemos)";"Sergio Moro";;0;30.00;19-21.dez.2021;2.00;2.00;;;;3000;19;Podemos;
9768;2022;6;BRASIL;BR;3;Presidente;2;Estimulada;2;2021-12-21;356;PoderData;"Votos Totais";24697;"cenário 5 - estimulado - 2º turno";5046;"não sabe (N/A)";"não sabe";;1;2.00;19-21.dez.2021;2.00;2.00;;;;3000;1;N/A;
9768;2022;6;BRASIL;BR;3;Presidente;2;Estimulada;2;2021-12-21;356;PoderData;"Votos Totais";24697;"cenário 5 - estimulado - 2º turno";209;"branco / nulo (N/A)";"branco / nulo";;1;17.00;19-21.dez.2021;2.00;2.00;;;;3000;1;N/A;
9768;2022;6;BRASIL;BR;3;Presidente;2;Estimulada;2;2021-12-21;356;PoderData;"Votos Totais";24697;"cenário 5 - estimulado - 2º turno";973;"Lula (PT)";Lula;;0;50.00;19-21.dez.2021;2.00;2.00;;;;3000;39;PT;
9768;2022;6;BRASIL;BR;3;Presidente;2;Estimulada;2;2021-12-21;356;PoderData;"Votos Totais";24698;"cenário 6 - estimulado - 2º turno";289;"Ciro (PDT)";Ciro;;0;19.00;19-21.dez.2021;2.00;2.00;;;;3000;10;PDT;
9768;2022;6;BRASIL;BR;3;Presidente;2;Estimulada;2;2021-12-21;356;PoderData;"Votos Totais";24698;"cenário 6 - estimulado - 2º turno";5046;"não sabe (N/A)";"não sabe";;1;3.00;19-21.dez.2021;2.00;2.00;;;;3000;1;N/A;
9768;2022;6;BRASIL;BR;3;Presidente;2;Estimulada;2;2021-12-21;356;PoderData;"Votos Totais";24698;"cenário 6 - estimulado - 2º turno";209;"branco / nulo (N/A)";"branco / nulo";;1;27.00;19-21.dez.2021;2.00;2.00;;;;3000;1;N/A;
9768;2022;6;BRASIL;BR;3;Presidente;2;Estimulada;2;2021-12-21;356;PoderData;"Votos Totais";24698;"cenário 6 - estimulado - 2º turno";973;"Lula (PT)";Lula;;0;50.00;19-21.dez.2021;2.00;2.00;;;;3000;39;PT;
9755;2022;6;BRASIL;BR;3;Presidente;2;Estimulada;2;2021-12-05;290;Quaest;"Votos Totais";24607;"cenário 1 - estimulado - 2º turno";973;"Lula (PT)";Lula;;0;55.00;2-5.dez.2021;2.20;2.20;"Genial Investimentos";;;2037;39;PT;
9755;2022;6;BRASIL;BR;3;Presidente;2;Estimulada;1;2021-12-05;290;Quaest;"Votos Totais";24606;"cenário 4 - estimulado - 1º turno";5132;"indeciso (N/A)";indeciso;;1;5.00;2-5.dez.2021;2.20;2.20;"Genial Investimentos";;;2037;1;N/A;
9755;2022;6;BRASIL;BR;3;Presidente;2;Estimulada;1;2021-12-05;290;Quaest;"Votos Totais";24606;"cenário 4 - estimulado - 1º turno";5443;"branco / nulo / não votará (N/A)";"branco / nulo / não votará";;1;9.00;2-5.dez.2021;2.20;2.20;"Genial Investimentos";;;2037;1;N/A;
9755;2022;6;BRASIL;BR;3;Presidente;2;Estimulada;1;2021-12-05;290;Quaest;"Votos Totais";24606;"cenário 4 - estimulado - 1º turno";289;"Ciro (PDT)";Ciro;;0;7.00;2-5.dez.2021;2.20;2.20;"Genial Investimentos";;;2037;10;PDT;
9755;2022;6;BRASIL;BR;3;Presidente;2;Estimulada;1;2021-12-05;290;Quaest;"Votos Totais";24606;"cenário 4 - estimulado - 1º turno";706;"Bolsonaro (PL)";Bolsonaro;2018-Presidente;0;27.00;2-5.dez.2021;2.20;2.20;"Genial Investimentos";;;2037;15;PL;
9755;2022;6;BRASIL;BR;3;Presidente;2;Estimulada;1;2021-12-05;290;Quaest;"Votos Totais";24606;"cenário 4 - estimulado - 1º turno";855;"João Doria (PSDB)";"João Doria";2018-Governador;0;5.00;2-5.dez.2021;2.20;2.20;"Genial Investimentos";;;2037;33;PSDB;
9755;2022;6;BRASIL;BR;3;Presidente;2;Estimulada;1;2021-12-05;290;Quaest;"Votos Totais";24606;"cenário 4 - estimulado - 1º turno";973;"Lula (PT)";Lula;;0;47.00;2-5.dez.2021;2.20;2.20;"Genial Investimentos";;;2037;39;PT;
9755;2022;6;BRASIL;BR;3;Presidente;2;Estimulada;1;2021-12-05;290;Quaest;"Votos Totais";24605;"cenário 3 - estimulado - 1º turno";1457;"Rodrigo Pacheco (PSD)";"Rodrigo Pacheco";2018-Senador;0;2.00;2-5.dez.2021;2.20;2.20;"Genial Investimentos";;;2037;32;PSD;
9755;2022;6;BRASIL;BR;3;Presidente;2;Estimulada;1;2021-12-05;290;Quaest;"Votos Totais";24605;"cenário 3 - estimulado - 1º turno";706;"Bolsonaro (PL)";Bolsonaro;2018-Presidente;0;27.00;2-5.dez.2021;2.20;2.20;"Genial Investimentos";;;2037;15;PL;
9755;2022;6;BRASIL;BR;3;Presidente;2;Estimulada;1;2021-12-05;290;Quaest;"Votos Totais";24605;"cenário 3 - estimulado - 1º turno";973;"Lula (PT)";Lula;;0;48.00;2-5.dez.2021;2.20;2.20;"Genial Investimentos";;;2037;39;PT;
9755;2022;6;BRASIL;BR;3;Presidente;2;Estimulada;1;2021-12-05;290;Quaest;"Votos Totais";24605;"cenário 3 - estimulado - 1º turno";289;"Ciro (PDT)";Ciro;;0;8.00;2-5.dez.2021;2.20;2.20;"Genial Investimentos";;;2037;10;PDT;
9755;2022;6;BRASIL;BR;3;Presidente;2;Estimulada;1;2021-12-05;290;Quaest;"Votos Totais";24605;"cenário 3 - estimulado - 1º turno";5132;"indeciso (N/A)";indeciso;;1;5.00;2-5.dez.2021;2.20;2.20;"Genial Investimentos";;;2037;1;N/A;
9755;2022;6;BRASIL;BR;3;Presidente;2;Estimulada;1;2021-12-05;290;Quaest;"Votos Totais";24605;"cenário 3 - estimulado - 1º turno";5443;"branco / nulo / não votará (N/A)";"branco / nulo / não votará";;1;10.00;2-5.dez.2021;2.20;2.20;"Genial Investimentos";;;2037;1;N/A;
9755;2022;6;BRASIL;BR;3;Presidente;2;Estimulada;1;2021-12-05;290;Quaest;"Votos Totais";24604;"cenário 2 - estimulado - 1º turno";289;"Ciro (PDT)";Ciro;;0;5.00;2-5.dez.2021;2.20;2.20;"Genial Investimentos";;;2037;10;PDT;
9755;2022;6;BRASIL;BR;3;Presidente;2;Estimulada;1;2021-12-05;290;Quaest;"Votos Totais";24604;"cenário 2 - estimulado - 1º turno";706;"Bolsonaro (PL)";Bolsonaro;2018-Presidente;0;23.00;2-5.dez.2021;2.20;2.20;"Genial Investimentos";;;2037;15;PL;
9755;2022;6;BRASIL;BR;3;Presidente;2;Estimulada;1;2021-12-05;290;Quaest;"Votos Totais";24604;"cenário 2 - estimulado - 1º turno";973;"Lula (PT)";Lula;;0;46.00;2-5.dez.2021;2.20;2.20;"Genial Investimentos";;;2037;39;PT;
9755;2022;6;BRASIL;BR;3;Presidente;2;Estimulada;1;2021-12-05;290;Quaest;"Votos Totais";24604;"cenário 2 - estimulado - 1º turno";5132;"indeciso (N/A)";indeciso;;1;5.00;2-5.dez.2021;2.20;2.20;"Genial Investimentos";;;2037;1;N/A;
9755;2022;6;BRASIL;BR;3;Presidente;2;Estimulada;1;2021-12-05;290;Quaest;"Votos Totais";24604;"cenário 2 - estimulado - 1º turno";5443;"branco / nulo / não votará (N/A)";"branco / nulo / não votará";;1;7.00;2-5.dez.2021;2.20;2.20;"Genial Investimentos";;;2037;1;N/A;
9755;2022;6;BRASIL;BR;3;Presidente;2;Estimulada;1;2021-12-05;290;Quaest;"Votos Totais";24604;"cenário 2 - estimulado - 1º turno";959;"Luiz Felipe d'Avila (Novo)";"Luiz Felipe d'Avila";;0;1.00;2-5.dez.2021;2.20;2.20;"Genial Investimentos";;;2037;5;Novo;
9755;2022;6;BRASIL;BR;3;Presidente;2;Estimulada;1;2021-12-05;290;Quaest;"Votos Totais";24604;"cenário 2 - estimulado - 1º turno";1457;"Rodrigo Pacheco (PSD)";"Rodrigo Pacheco";2018-Senador;0;1.00;2-5.dez.2021;2.20;2.20;"Genial Investimentos";;;2037;32;PSD;
9755;2022;6;BRASIL;BR;3;Presidente;2;Estimulada;1;2021-12-05;290;Quaest;"Votos Totais";24604;"cenário 2 - estimulado - 1º turno";855;"João Doria (PSDB)";"João Doria";2018-Governador;0;2.00;2-5.dez.2021;2.20;2.20;"Genial Investimentos";;;2037;33;PSDB;
9755;2022;6;BRASIL;BR;3;Presidente;2;Estimulada;1;2021-12-05;290;Quaest;"Votos Totais";24604;"cenário 2 - estimulado - 1º turno";1583;"Sergio Moro (Podemos)";"Sergio Moro";;0;10.00;2-5.dez.2021;2.20;2.20;"Genial Investimentos";;;2037;19;Podemos;
9755;2022;6;BRASIL;BR;3;Presidente;2;Estimulada;1;2021-12-05;290;Quaest;"Votos Totais";24603;"cenário 1 - estimulado - 1º turno";973;"Lula (PT)";Lula;;0;47.00;2-5.dez.2021;2.20;2.20;"Genial Investimentos";;;2037;39;PT;
9755;2022;6;BRASIL;BR;3;Presidente;2;Estimulada;1;2021-12-05;290;Quaest;"Votos Totais";24603;"cenário 1 - estimulado - 1º turno";289;"Ciro (PDT)";Ciro;;0;7.00;2-5.dez.2021;2.20;2.20;"Genial Investimentos";;;2037;10;PDT;
9755;2022;6;BRASIL;BR;3;Presidente;2;Estimulada;1;2021-12-05;290;Quaest;"Votos Totais";24603;"cenário 1 - estimulado - 1º turno";5443;"branco / nulo / não votará (N/A)";"branco / nulo / não votará";;1;7.00;2-5.dez.2021;2.20;2.20;"Genial Investimentos";;;2037;1;N/A;
9755;2022;6;BRASIL;BR;3;Presidente;2;Estimulada;1;2021-12-05;290;Quaest;"Votos Totais";24603;"cenário 1 - estimulado - 1º turno";5132;"indeciso (N/A)";indeciso;;1;4.00;2-5.dez.2021;2.20;2.20;"Genial Investimentos";;;2037;1;N/A;
9755;2022;6;BRASIL;BR;3;Presidente;2;Estimulada;1;2021-12-05;290;Quaest;"Votos Totais";24603;"cenário 1 - estimulado - 1º turno";1583;"Sergio Moro (Podemos)";"Sergio Moro";;0;11.00;2-5.dez.2021;2.20;2.20;"Genial Investimentos";;;2037;19;Podemos;
9755;2022;6;BRASIL;BR;3;Presidente;2;Estimulada;1;2021-12-05;290;Quaest;"Votos Totais";24603;"cenário 1 - estimulado - 1º turno";706;"Bolsonaro (PL)";Bolsonaro;2018-Presidente;0;24.00;2-5.dez.2021;2.20;2.20;"Genial Investimentos";;;2037;15;PL;
9755;2022;6;BRASIL;BR;3;Presidente;2;Estimulada;2;2021-12-05;290;Quaest;"Votos Totais";24612;"cenário 6 - estimulado - 2º turno";5132;"indeciso (N/A)";indeciso;;1;4.00;2-5.dez.2021;2.20;2.20;"Genial Investimentos";;;2037;1;N/A;
9755;2022;6;BRASIL;BR;3;Presidente;2;Estimulada;2;2021-12-05;290;Quaest;"Votos Totais";24612;"cenário 6 - estimulado - 2º turno";5443;"branco / nulo / não votará (N/A)";"branco / nulo / não votará";;1;30.00;2-5.dez.2021;2.20;2.20;"Genial Investimentos";;;2037;1;N/A;
9755;2022;6;BRASIL;BR;3;Presidente;2;Estimulada;2;2021-12-05;290;Quaest;"Votos Totais";24612;"cenário 6 - estimulado - 2º turno";1583;"Sergio Moro (Podemos)";"Sergio Moro";;0;34.00;2-5.dez.2021;2.20;2.20;"Genial Investimentos";;;2037;19;Podemos;
9755;2022;6;BRASIL;BR;3;Presidente;2;Estimulada;2;2021-12-05;290;Quaest;"Votos Totais";24612;"cenário 6 - estimulado - 2º turno";706;"Bolsonaro (PL)";Bolsonaro;2018-Presidente;0;31.00;2-5.dez.2021;2.20;2.20;"Genial Investimentos";;;2037;15;PL;
9755;2022;6;BRASIL;BR;3;Presidente;2;Estimulada;2;2021-12-05;290;Quaest;"Votos Totais";24611;"cenário 5 - estimulado - 2º turno";5132;"indeciso (N/A)";indeciso;;1;4.00;2-5.dez.2021;2.20;2.20;"Genial Investimentos";;;2037;1;N/A;
9755;2022;6;BRASIL;BR;3;Presidente;2;Estimulada;2;2021-12-05;290;Quaest;"Votos Totais";24611;"cenário 5 - estimulado - 2º turno";5443;"branco / nulo / não votará (N/A)";"branco / nulo / não votará";;1;25.00;2-5.dez.2021;2.20;2.20;"Genial Investimentos";;;2037;1;N/A;
9755;2022;6;BRASIL;BR;3;Presidente;2;Estimulada;2;2021-12-05;290;Quaest;"Votos Totais";24611;"cenário 5 - estimulado - 2º turno";1457;"Rodrigo Pacheco (PSD)";"Rodrigo Pacheco";2018-Senador;0;13.00;2-5.dez.2021;2.20;2.20;"Genial Investimentos";;;2037;32;PSD;
9755;2022;6;BRASIL;BR;3;Presidente;2;Estimulada;2;2021-12-05;290;Quaest;"Votos Totais";24611;"cenário 5 - estimulado - 2º turno";973;"Lula (PT)";Lula;;0;58.00;2-5.dez.2021;2.20;2.20;"Genial Investimentos";;;2037;39;PT;
9755;2022;6;BRASIL;BR;3;Presidente;2;Estimulada;2;2021-12-05;290;Quaest;"Votos Totais";24610;"cenário 4 - estimulado - 2º turno";5132;"indeciso (N/A)";indeciso;;1;3.00;2-5.dez.2021;2.20;2.20;"Genial Investimentos";;;2037;1;N/A;
9755;2022;6;BRASIL;BR;3;Presidente;2;Estimulada;2;2021-12-05;290;Quaest;"Votos Totais";24610;"cenário 4 - estimulado - 2º turno";5443;"branco / nulo / não votará (N/A)";"branco / nulo / não votará";;1;26.00;2-5.dez.2021;2.20;2.20;"Genial Investimentos";;;2037;1;N/A;
9755;2022;6;BRASIL;BR;3;Presidente;2;Estimulada;2;2021-12-05;290;Quaest;"Votos Totais";24610;"cenário 4 - estimulado - 2º turno";855;"João Doria (PSDB)";"João Doria";2018-Governador;0;14.00;2-5.dez.2021;2.20;2.20;"Genial Investimentos";;;2037;33;PSDB;
9755;2022;6;BRASIL;BR;3;Presidente;2;Estimulada;2;2021-12-05;290;Quaest;"Votos Totais";24610;"cenário 4 - estimulado - 2º turno";973;"Lula (PT)";Lula;;0;57.00;2-5.dez.2021;2.20;2.20;"Genial Investimentos";;;2037;39;PT;
9755;2022;6;BRASIL;BR;3;Presidente;2;Estimulada;2;2021-12-05;290;Quaest;"Votos Totais";24609;"cenário 3 - estimulado - 2º turno";289;"Ciro (PDT)";Ciro;;0;21.00;2-5.dez.2021;2.20;2.20;"Genial Investimentos";;;2037;10;PDT;
9755;2022;6;BRASIL;BR;3;Presidente;2;Estimulada;2;2021-12-05;290;Quaest;"Votos Totais";24609;"cenário 3 - estimulado - 2º turno";5443;"branco / nulo / não votará (N/A)";"branco / nulo / não votará";;1;22.00;2-5.dez.2021;2.20;2.20;"Genial Investimentos";;;2037;1;N/A;
9755;2022;6;BRASIL;BR;3;Presidente;2;Estimulada;2;2021-12-05;290;Quaest;"Votos Totais";24609;"cenário 3 - estimulado - 2º turno";5132;"indeciso (N/A)";indeciso;;1;4.00;2-5.dez.2021;2.20;2.20;"Genial Investimentos";;;2037;1;N/A;
9755;2022;6;BRASIL;BR;3;Presidente;2;Estimulada;2;2021-12-05;290;Quaest;"Votos Totais";24609;"cenário 3 - estimulado - 2º turno";973;"Lula (PT)";Lula;;0;54.00;2-5.dez.2021;2.20;2.20;"Genial Investimentos";;;2037;39;PT;
9755;2022;6;BRASIL;BR;3;Presidente;2;Estimulada;2;2021-12-05;290;Quaest;"Votos Totais";24608;"cenário 2 - estimulado - 2º turno";5132;"indeciso (N/A)";indeciso;;1;3.00;2-5.dez.2021;2.20;2.20;"Genial Investimentos";;;2037;1;N/A;
9755;2022;6;BRASIL;BR;3;Presidente;2;Estimulada;2;2021-12-05;290;Quaest;"Votos Totais";24608;"cenário 2 - estimulado - 2º turno";5443;"branco / nulo / não votará (N/A)";"branco / nulo / não votará";;1;15.00;2-5.dez.2021;2.20;2.20;"Genial Investimentos";;;2037;1;N/A;
9755;2022;6;BRASIL;BR;3;Presidente;2;Estimulada;2;2021-12-05;290;Quaest;"Votos Totais";24608;"cenário 2 - estimulado - 2º turno";1583;"Sergio Moro (Podemos)";"Sergio Moro";;0;29.00;2-5.dez.2021;2.20;2.20;"Genial Investimentos";;;2037;19;Podemos;
9755;2022;6;BRASIL;BR;3;Presidente;2;Estimulada;2;2021-12-05;290;Quaest;"Votos Totais";24608;"cenário 2 - estimulado - 2º turno";973;"Lula (PT)";Lula;;0;53.00;2-5.dez.2021;2.20;2.20;"Genial Investimentos";;;2037;39;PT;
9755;2022;6;BRASIL;BR;3;Presidente;2;Estimulada;2;2021-12-05;290;Quaest;"Votos Totais";24607;"cenário 1 - estimulado - 2º turno";5132;"indeciso (N/A)";indeciso;;1;3.00;2-5.dez.2021;2.20;2.20;"Genial Investimentos";;;2037;1;N/A;
9755;2022;6;BRASIL;BR;3;Presidente;2;Estimulada;2;2021-12-05;290;Quaest;"Votos Totais";24607;"cenário 1 - estimulado - 2º turno";5443;"branco / nulo / não votará (N/A)";"branco / nulo / não votará";;1;11.00;2-5.dez.2021;2.20;2.20;"Genial Investimentos";;;2037;1;N/A;
9755;2022;6;BRASIL;BR;3;Presidente;2;Estimulada;2;2021-12-05;290;Quaest;"Votos Totais";24607;"cenário 1 - estimulado - 2º turno";706;"Bolsonaro (PL)";Bolsonaro;2018-Presidente;0;31.00;2-5.dez.2021;2.20;2.20;"Genial Investimentos";;;2037;15;PL;
